date,transfers_in,ward_occupancy_start_of_day,ed_census_prior_evening,day_of_week,month,is_holiday,avg_ed_wait_time_hrs
2012-01-01,1.0,0.071,78.0,Sunday,1,True,5.1
2012-01-02,2.0,0.179,108.0,Monday,1,False,4.1
2012-01-03,1.0,0.25,94.0,Tuesday,1,False,4.2
2012-01-04,3.0,0.393,123.0,Wednesday,1,False,5.9
2012-01-05,,0.429,68.0,Thursday,1,False,0.4
2012-01-06,1.0,0.464,81.0,Friday,1,False,1.9
2012-01-07,0.0,0.5,,Saturday,1,False,4.6
2012-01-08,1.0,0.607,90.0,Sunday,1,False,3.9
2012-01-09,1.0,0.643,86.0,Monday,1,False,3.2
2012-01-10,2.0,0.679,95.0,Tuesday,1,False,4.7
2012-01-11,0.0,0.679,82.0,Wednesday,1,False,2.2
2012-01-12,1.0,0.607,74.0,Thursday,1,False,2.3
2012-01-13,1.0,0.679,85.0,Friday,1,False,1.4
2012-01-14,3.0,0.821,122.0,Saturday,1,False,4.3
2012-01-15,1.0,0.786,104.0,Sunday,1,False,3.5
2012-01-16,1.0,,87.0,Monday,1,False,4.4
2012-01-17,4.0,0.786,105.0,Tuesday,1,False,3.3
2012-01-18,5.0,0.964,135.0,Wednesday,1,False,5.3
2012-01-19,3.0,0.964,141.0,Thursday,1,False,3.7
2012-01-20,0.0,0.964,105.0,Friday,1,False,4.0
2012-01-21,2.0,1.071,101.0,Saturday,1,False,5.8
2012-01-22,0.0,1.071,81.0,Sunday,1,False,4.1
2012-01-23,0.0,1.071,83.0,Monday,1,False,4.1
2012-01-24,0.0,1.036,85.0,Tuesday,1,False,3.6
2012-01-25,2.0,0.964,95.0,Wednesday,1,False,4.1
2012-01-26,1.0,0.857,105.0,Thursday,1,False,6.6
2012-01-27,2.0,0.893,94.0,Friday,1,False,3.3
2012-01-28,3.0,0.929,113.0,Saturday,1,False,4.3
2012-01-29,1.0,0.964,76.0,Sunday,1,False,1.1
2012-01-30,2.0,1.036,102.0,Monday,1,False,4.9
2012-01-31,0.0,0.964,66.0,Tuesday,1,False,
2012-02-01,3.0,1.0,125.0,Wednesday,2,False,5.7
2012-02-02,0.0,0.964,92.0,Thursday,2,False,5.1
2012-02-03,3.0,0.929,104.0,Friday,2,False,2.7
2012-02-04,2.0,0.964,109.0,Saturday,2,False,4.4
2012-02-05,1.0,0.929,97.0,Sunday,2,False,5.5
2012-02-06,0.0,0.857,73.0,Monday,2,False,2.9
2012-02-07,0.0,0.893,88.0,Tuesday,2,False,5.4
2012-02-08,2.0,0.929,105.0,Wednesday,2,False,3.6
2012-02-09,0.0,0.821,82.0,Thursday,2,False,5.9
2012-02-10,2.0,0.893,113.0,Friday,2,False,4.6
2012-02-11,0.0,0.893,84.0,Saturday,2,False,4.2
2012-02-12,1.0,0.821,84.0,Sunday,2,False,3.9
2012-02-13,5.0,0.857,133.0,Monday,2,False,4.4
2012-02-14,2.0,0.857,103.0,Tuesday,2,False,2.9
2012-02-15,1.0,0.75,78.0,Wednesday,2,False,3.2
2012-02-16,1.0,0.679,105.0,Thursday,2,False,2.7
2012-02-17,2.0,0.786,87.0,Friday,2,False,3.1
2012-02-18,2.0,0.821,85.0,Saturday,2,False,3.3
2012-02-19,1.0,0.893,90.0,Sunday,2,False,4.2
2012-02-20,1.0,0.75,107.0,Monday,2,False,6.1
2012-02-21,3.0,0.643,107.0,Tuesday,2,False,5.8
2012-02-22,3.0,0.857,107.0,Wednesday,2,False,2.5
2012-02-23,,0.821,131.0,Thursday,2,False,2.5
2012-02-24,2.0,0.857,94.0,Friday,2,False,2.6
2012-02-25,3.0,0.929,115.0,Saturday,2,False,4.0
2012-02-26,4.0,1.0,141.0,Sunday,2,False,5.1
2012-02-27,0.0,0.929,61.0,Monday,2,False,3.6
2012-02-28,0.0,0.786,89.0,Tuesday,2,False,4.2
2012-02-29,1.0,0.821,,Wednesday,2,False,3.9
2012-03-01,2.0,1.036,106.0,Thursday,3,False,3.3
2012-03-02,0.0,0.964,96.0,Friday,3,False,3.3
2012-03-03,0.0,0.964,74.0,Saturday,3,False,0.5
2012-03-04,0.0,0.857,79.0,Sunday,3,False,3.9
2012-03-05,2.0,0.857,100.0,Monday,3,False,3.9
2012-03-06,1.0,0.893,71.0,Tuesday,3,False,2.4
2012-03-07,3.0,0.929,118.0,Wednesday,3,False,3.5
2012-03-08,5.0,1.071,110.0,Thursday,3,False,5.0
2012-03-09,0.0,1.036,94.0,Friday,3,False,4.0
2012-03-10,0.0,1.107,,Saturday,3,False,4.9
2012-03-11,2.0,1.107,112.0,Sunday,3,False,6.3
2012-03-12,1.0,0.964,81.0,Monday,3,False,3.4
2012-03-13,3.0,0.929,87.0,Tuesday,3,False,3.4
2012-03-14,1.0,0.821,107.0,Wednesday,3,False,5.1
2012-03-15,2.0,0.786,95.0,Thursday,3,False,
2012-03-16,0.0,0.75,83.0,Friday,3,False,5.6
2012-03-17,1.0,0.643,86.0,Saturday,3,False,3.6
2012-03-18,1.0,0.679,101.0,Sunday,3,False,7.2
2012-03-19,0.0,0.607,71.0,Monday,3,False,1.3
2012-03-20,1.0,0.536,98.0,Tuesday,3,False,4.3
2012-03-21,1.0,0.643,74.0,Wednesday,3,False,3.1
2012-03-22,1.0,0.75,97.0,Thursday,3,False,4.9
2012-03-23,1.0,0.786,86.0,Friday,3,False,4.4
2012-03-24,2.0,0.786,112.0,Saturday,3,False,3.1
2012-03-25,1.0,0.821,82.0,Sunday,3,False,4.3
2012-03-26,3.0,0.893,137.0,Monday,3,False,6.1
2012-03-27,2.0,0.857,104.0,Tuesday,3,False,3.5
2012-03-28,3.0,0.964,98.0,Wednesday,3,False,4.3
2012-03-29,4.0,1.107,132.0,Thursday,3,False,4.1
2012-03-30,2.0,1.071,102.0,Friday,3,False,5.4
2012-03-31,0.0,1.0,89.0,Saturday,3,False,2.7
2012-04-01,0.0,0.964,63.0,Sunday,4,False,2.4
2012-04-02,0.0,0.964,53.0,Monday,4,False,3.4
2012-04-03,0.0,0.857,48.0,Tuesday,4,False,4.9
2012-04-04,3.0,0.857,89.0,Wednesday,4,False,4.3
2012-04-05,0.0,0.821,45.0,Thursday,4,False,3.8
2012-04-06,1.0,0.821,36.0,Friday,4,True,1.3
2012-04-07,0.0,0.786,62.0,Saturday,4,False,2.0
2012-04-08,0.0,0.643,68.0,Sunday,4,True,3.7
2012-04-09,2.0,0.679,81.0,Monday,4,True,0.5
2012-04-10,1.0,0.536,68.0,Tuesday,4,False,4.8
2012-04-11,1.0,0.5,80.0,Wednesday,4,False,4.7
2012-04-12,0.0,0.536,55.0,Thursday,4,False,0.9
2012-04-13,2.0,0.5,85.0,Friday,4,False,5.0
2012-04-14,0.0,0.464,45.0,Saturday,4,False,1.6
2012-04-15,3.0,0.679,70.0,Sunday,4,False,3.7
2012-04-16,4.0,0.679,100.0,Monday,4,False,5.1
2012-04-17,1.0,0.714,96.0,Tuesday,4,False,5.2
2012-04-18,3.0,0.786,72.0,Wednesday,4,False,2.0
2012-04-19,2.0,0.75,80.0,Thursday,4,False,3.5
2012-04-20,2.0,0.857,89.0,Friday,4,False,4.1
2012-04-21,0.0,0.893,46.0,Saturday,4,False,
2012-04-22,3.0,0.964,98.0,Sunday,4,False,4.8
2012-04-23,3.0,1.071,89.0,Monday,4,False,4.2
2012-04-24,1.0,1.0,73.0,Tuesday,4,False,4.3
2012-04-25,3.0,1.071,100.0,Wednesday,4,False,3.5
2012-04-26,2.0,1.179,88.0,Thursday,4,False,3.8
2012-04-27,0.0,1.143,55.0,Friday,4,True,2.3
2012-04-28,0.0,1.036,53.0,Saturday,4,False,0.4
2012-04-29,1.0,0.893,72.0,Sunday,4,False,3.8
2012-04-30,3.0,0.929,83.0,Monday,4,False,4.7
2012-05-01,4.0,1.036,99.0,Tuesday,5,False,3.5
2012-05-02,2.0,0.893,69.0,Wednesday,5,False,3.7
2012-05-03,1.0,0.857,77.0,Thursday,5,False,2.6
2012-05-04,1.0,0.857,79.0,Friday,5,False,3.7
2012-05-05,2.0,0.857,85.0,Saturday,5,False,6.5
2012-05-06,1.0,0.893,73.0,Sunday,5,False,2.4
2012-05-07,2.0,0.857,83.0,Monday,5,False,0.8
2012-05-08,0.0,0.714,60.0,Tuesday,5,False,2.0
2012-05-09,1.0,0.679,69.0,Wednesday,5,False,4.2
2012-05-10,0.0,0.643,58.0,Thursday,5,False,2.8
2012-05-11,1.0,0.679,62.0,Friday,5,False,2.8
2012-05-12,0.0,0.679,55.0,Saturday,5,False,2.7
2012-05-13,1.0,0.607,65.0,Sunday,5,False,5.0
2012-05-14,2.0,0.607,72.0,Monday,5,False,3.2
2012-05-15,0.0,0.607,47.0,Tuesday,5,False,0.7
2012-05-16,1.0,0.571,61.0,Wednesday,5,False,2.8
2012-05-17,0.0,0.571,,Thursday,5,True,
2012-05-18,0.0,0.5,66.0,Friday,5,False,3.8
2012-05-19,1.0,0.536,58.0,Saturday,5,False,2.5
2012-05-20,3.0,0.607,53.0,Sunday,5,False,3.1
2012-05-21,4.0,0.679,119.0,Monday,5,False,4.2
2012-05-22,0.0,0.607,57.0,Tuesday,5,False,4.1
2012-05-23,1.0,0.607,62.0,Wednesday,5,False,2.9
2012-05-24,1.0,0.571,71.0,Thursday,5,False,1.5
2012-05-25,0.0,0.536,52.0,Friday,5,False,1.2
2012-05-26,3.0,,75.0,Saturday,5,False,5.0
2012-05-27,2.0,0.75,61.0,Sunday,5,True,3.0
2012-05-28,,0.929,123.0,Monday,5,True,4.6
2012-05-29,2.0,0.929,79.0,Tuesday,5,False,2.2
2012-05-30,0.0,0.857,,Wednesday,5,False,3.5
2012-05-31,2.0,0.786,70.0,Thursday,5,False,1.7
2012-06-01,0.0,0.679,45.0,Friday,6,False,2.6
2012-06-02,0.0,0.643,53.0,Saturday,6,False,4.7
2012-06-03,3.0,0.786,83.0,Sunday,6,False,2.8
2012-06-04,2.0,0.714,86.0,Monday,6,False,2.2
2012-06-05,4.0,0.893,100.0,Tuesday,6,False,3.8
2012-06-06,2.0,0.964,48.0,Wednesday,6,False,4.6
2012-06-07,2.0,1.0,49.0,Thursday,6,False,1.1
2012-06-08,0.0,1.0,30.0,Friday,6,False,0.4
2012-06-09,0.0,0.893,37.0,Saturday,6,False,3.0
2012-06-10,2.0,0.857,63.0,Sunday,6,False,2.8
2012-06-11,3.0,0.821,37.0,Monday,6,False,1.4
2012-06-12,1.0,0.821,29.0,Tuesday,6,False,1.2
2012-06-13,0.0,0.75,50.0,Wednesday,6,False,0.4
2012-06-14,0.0,0.75,81.0,Thursday,6,False,6.2
2012-06-15,2.0,0.679,69.0,Friday,6,False,2.2
2012-06-16,1.0,0.643,37.0,Saturday,6,False,2.4
2012-06-17,0.0,0.429,51.0,Sunday,6,False,0.4
2012-06-18,1.0,0.464,69.0,Monday,6,False,4.2
2012-06-19,0.0,0.393,56.0,Tuesday,6,False,4.1
2012-06-20,1.0,0.393,46.0,Wednesday,6,False,1.2
2012-06-21,2.0,,,Thursday,6,False,4.0
2012-06-22,2.0,0.5,55.0,Friday,6,False,1.7
2012-06-23,2.0,0.5,53.0,Saturday,6,False,4.6
2012-06-24,3.0,0.607,76.0,Sunday,6,False,4.0
2012-06-25,1.0,0.679,57.0,Monday,6,False,4.0
2012-06-26,0.0,,56.0,Tuesday,6,False,6.5
2012-06-27,1.0,0.679,54.0,Wednesday,6,False,3.8
2012-06-28,2.0,0.714,57.0,Thursday,6,False,2.5
2012-06-29,1.0,0.679,28.0,Friday,6,False,2.1
2012-06-30,1.0,0.679,50.0,Saturday,6,False,3.1
2012-07-01,1.0,0.714,59.0,Sunday,7,False,4.1
2012-07-02,4.0,0.786,72.0,Monday,7,False,4.1
2012-07-03,2.0,0.929,74.0,Tuesday,7,False,5.3
2012-07-04,2.0,1.0,57.0,Wednesday,7,False,1.7
2012-07-05,,1.0,56.0,Thursday,7,False,
2012-07-06,2.0,1.0,66.0,Friday,7,False,3.6
2012-07-07,1.0,0.857,51.0,Saturday,7,False,4.4
2012-07-08,1.0,0.75,48.0,Sunday,7,False,1.7
2012-07-09,1.0,0.75,74.0,Monday,7,False,3.3
2012-07-10,2.0,0.857,49.0,Tuesday,7,False,2.9
2012-07-11,3.0,0.893,82.0,Wednesday,7,False,3.1
2012-07-12,1.0,0.857,74.0,Thursday,7,False,4.8
2012-07-13,2.0,0.893,63.0,Friday,7,False,4.1
2012-07-14,2.0,0.857,57.0,Saturday,7,False,3.3
2012-07-15,2.0,1.0,99.0,Sunday,7,False,4.1
2012-07-16,,1.071,65.0,Monday,7,False,3.5
2012-07-17,0.0,0.929,28.0,Tuesday,7,False,2.5
2012-07-18,3.0,0.964,76.0,Wednesday,7,False,2.7
2012-07-19,1.0,,65.0,Thursday,7,False,2.8
2012-07-20,1.0,0.786,57.0,Friday,7,False,1.9
2012-07-21,2.0,0.786,67.0,Saturday,7,False,3.3
2012-07-22,1.0,0.75,49.0,Sunday,7,False,0.4
2012-07-23,1.0,0.75,56.0,Monday,7,False,2.2
2012-07-24,2.0,0.857,48.0,Tuesday,7,False,2.2
2012-07-25,2.0,0.821,53.0,Wednesday,7,False,0.4
2012-07-26,2.0,0.75,51.0,Thursday,7,False,2.2
2012-07-27,0.0,0.714,52.0,Friday,7,False,0.6
2012-07-28,4.0,0.857,72.0,Saturday,7,False,0.7
2012-07-29,3.0,0.893,78.0,Sunday,7,False,2.6
2012-07-30,1.0,0.929,71.0,Monday,7,False,3.6
2012-07-31,0.0,0.786,38.0,Tuesday,7,False,3.9
2012-08-01,0.0,0.607,32.0,Wednesday,8,False,0.4
2012-08-02,2.0,0.571,69.0,Thursday,8,False,1.8
2012-08-03,0.0,,28.0,Friday,8,False,0.4
2012-08-04,2.0,0.393,54.0,Saturday,8,False,0.4
2012-08-05,1.0,0.464,49.0,Sunday,8,False,
2012-08-06,1.0,0.429,44.0,Monday,8,False,2.1
2012-08-07,2.0,0.464,76.0,Tuesday,8,False,5.2
2012-08-08,1.0,0.536,37.0,Wednesday,8,False,1.5
2012-08-09,0.0,0.464,36.0,Thursday,8,False,0.5
2012-08-10,,0.643,60.0,Friday,8,False,2.1
2012-08-11,1.0,0.643,64.0,Saturday,8,False,3.5
2012-08-12,1.0,0.643,78.0,Sunday,8,False,3.4
2012-08-13,2.0,0.607,,Monday,8,False,4.3
2012-08-14,1.0,0.607,51.0,Tuesday,8,False,1.3
2012-08-15,1.0,0.643,70.0,Wednesday,8,False,1.8
2012-08-16,1.0,0.679,56.0,Thursday,8,False,2.3
2012-08-17,0.0,0.679,32.0,Friday,8,False,2.5
2012-08-18,2.0,0.571,82.0,Saturday,8,False,4.0
2012-08-19,1.0,0.643,61.0,Sunday,8,False,2.0
2012-08-20,1.0,0.571,56.0,Monday,8,False,2.1
2012-08-21,2.0,0.536,73.0,Tuesday,8,False,4.7
2012-08-22,3.0,0.643,95.0,Wednesday,8,False,2.8
2012-08-23,1.0,0.714,52.0,Thursday,8,False,0.4
2012-08-24,2.0,0.714,69.0,Friday,8,False,5.1
2012-08-25,4.0,0.786,87.0,Saturday,8,False,2.1
2012-08-26,2.0,0.893,66.0,Sunday,8,False,1.0
2012-08-27,3.0,0.893,68.0,Monday,8,False,3.6
2012-08-28,1.0,0.964,73.0,Tuesday,8,False,4.4
2012-08-29,3.0,1.0,62.0,Wednesday,8,False,3.0
2012-08-30,2.0,0.964,72.0,Thursday,8,False,2.2
2012-08-31,0.0,0.929,39.0,Friday,8,False,2.4
2012-09-01,0.0,0.857,50.0,Saturday,9,False,2.2
2012-09-02,2.0,0.893,62.0,Sunday,9,False,3.3
2012-09-03,2.0,0.929,73.0,Monday,9,False,4.0
2012-09-04,2.0,0.893,50.0,Tuesday,9,False,5.3
2012-09-05,0.0,0.786,51.0,Wednesday,9,False,3.9
2012-09-06,1.0,0.75,62.0,Thursday,9,False,1.7
2012-09-07,2.0,0.893,77.0,Friday,9,False,2.7
2012-09-08,1.0,0.821,,Saturday,9,False,1.4
2012-09-09,2.0,0.857,72.0,Sunday,9,False,1.9
2012-09-10,3.0,0.893,89.0,Monday,9,False,3.1
2012-09-11,1.0,0.857,68.0,Tuesday,9,False,4.7
2012-09-12,3.0,0.821,100.0,Wednesday,9,False,2.8
2012-09-13,1.0,0.857,76.0,Thursday,9,False,
2012-09-14,0.0,0.786,70.0,Friday,9,False,2.6
2012-09-15,1.0,0.75,72.0,Saturday,9,False,5.7
2012-09-16,1.0,0.679,80.0,Sunday,9,False,4.5
2012-09-17,0.0,0.536,63.0,Monday,9,False,3.3
2012-09-18,0.0,0.429,71.0,Tuesday,9,False,3.8
2012-09-19,,0.536,101.0,Wednesday,9,False,3.1
2012-09-20,0.0,0.464,73.0,Thursday,9,False,2.3
2012-09-21,0.0,0.429,46.0,Friday,9,False,2.3
2012-09-22,3.0,0.5,78.0,Saturday,9,False,4.1
2012-09-23,1.0,0.607,43.0,Sunday,9,False,3.1
2012-09-24,3.0,0.643,96.0,Monday,9,False,5.1
2012-09-25,1.0,0.75,52.0,Tuesday,9,False,2.5
2012-09-26,0.0,0.75,56.0,Wednesday,9,False,2.4
2012-09-27,2.0,0.821,64.0,Thursday,9,False,0.6
2012-09-28,1.0,0.786,74.0,Friday,9,False,3.2
2012-09-29,1.0,0.786,82.0,Saturday,9,False,1.9
2012-09-30,1.0,0.607,61.0,Sunday,9,False,3.8
2012-10-01,2.0,0.679,82.0,Monday,10,False,4.5
2012-10-02,2.0,0.643,89.0,Tuesday,10,False,5.1
2012-10-03,2.0,0.714,53.0,Wednesday,10,False,3.7
2012-10-04,1.0,0.75,73.0,Thursday,10,False,2.7
2012-10-05,0.0,0.75,65.0,Friday,10,False,3.2
2012-10-06,2.0,0.821,68.0,Saturday,10,False,2.4
2012-10-07,0.0,0.75,57.0,Sunday,10,False,2.3
2012-10-08,1.0,,69.0,Monday,10,False,1.6
2012-10-09,,0.714,77.0,Tuesday,10,False,5.2
2012-10-10,2.0,0.821,78.0,Wednesday,10,False,4.5
2012-10-11,2.0,0.929,93.0,Thursday,10,False,3.9
2012-10-12,0.0,0.75,56.0,Friday,10,False,2.0
2012-10-13,0.0,,58.0,Saturday,10,False,2.3
2012-10-14,1.0,1.036,63.0,Sunday,10,False,2.4
2012-10-15,3.0,1.143,106.0,Monday,10,False,4.6
2012-10-16,0.0,,58.0,Tuesday,10,False,3.2
2012-10-17,0.0,0.964,46.0,Wednesday,10,False,3.0
2012-10-18,1.0,0.714,66.0,Thursday,10,False,1.0
2012-10-19,1.0,0.821,82.0,Friday,10,False,3.1
2012-10-20,2.0,0.786,72.0,Saturday,10,False,1.6
2012-10-21,1.0,0.786,49.0,Sunday,10,False,1.8
2012-10-22,1.0,0.821,52.0,Monday,10,False,2.3
2012-10-23,3.0,0.893,84.0,Tuesday,10,False,2.5
2012-10-24,1.0,0.893,40.0,Wednesday,10,False,1.9
2012-10-25,0.0,0.786,61.0,Thursday,10,False,3.0
2012-10-26,0.0,0.643,37.0,Friday,10,False,3.4
2012-10-27,1.0,0.607,87.0,Saturday,10,False,4.7
2012-10-28,3.0,0.571,95.0,Sunday,10,False,5.4
2012-10-29,2.0,,58.0,Monday,10,False,3.5
2012-10-30,3.0,0.75,101.0,Tuesday,10,False,5.4
2012-10-31,1.0,0.714,56.0,Wednesday,10,False,
2012-11-01,2.0,0.75,86.0,Thursday,11,False,5.0
2012-11-02,1.0,0.75,95.0,Friday,11,False,3.4
2012-11-03,0.0,0.679,64.0,Saturday,11,False,3.1
2012-11-04,0.0,0.75,81.0,Sunday,11,False,1.4
2012-11-05,0.0,0.679,102.0,Monday,11,False,3.1
2012-11-06,1.0,0.536,113.0,Tuesday,11,False,6.6
2012-11-07,1.0,0.571,81.0,Wednesday,11,False,2.5
2012-11-08,1.0,0.643,89.0,Thursday,11,False,3.4
2012-11-09,1.0,0.571,60.0,Friday,11,False,4.3
2012-11-10,2.0,0.643,104.0,Saturday,11,False,6.1
2012-11-11,1.0,0.607,69.0,Sunday,11,False,3.9
2012-11-12,1.0,0.643,97.0,Monday,11,False,5.1
2012-11-13,1.0,0.643,82.0,Tuesday,11,False,4.6
2012-11-14,0.0,0.571,93.0,Wednesday,11,False,3.7
2012-11-15,0.0,0.643,87.0,Thursday,11,False,1.4
2012-11-16,2.0,0.643,98.0,Friday,11,False,3.6
2012-11-17,0.0,0.607,82.0,Saturday,11,False,3.6
2012-11-18,0.0,0.607,80.0,Sunday,11,False,4.1
2012-11-19,1.0,0.607,91.0,Monday,11,False,3.4
2012-11-20,2.0,0.679,87.0,Tuesday,11,False,1.5
2012-11-21,2.0,0.679,100.0,Wednesday,11,False,5.0
2012-11-22,2.0,0.679,73.0,Thursday,11,False,2.2
2012-11-23,3.0,0.75,97.0,Friday,11,False,4.6
2012-11-24,1.0,0.786,108.0,Saturday,11,False,7.9
2012-11-25,,0.786,87.0,Sunday,11,False,3.1
2012-11-26,1.0,0.786,96.0,Monday,11,False,3.8
2012-11-27,0.0,0.857,104.0,Tuesday,11,False,3.5
2012-11-28,3.0,0.893,106.0,Wednesday,11,False,4.0
2012-11-29,4.0,1.036,119.0,Thursday,11,False,5.0
2012-11-30,2.0,1.0,97.0,Friday,11,False,2.5
2012-12-01,1.0,0.964,77.0,Saturday,12,False,3.1
2012-12-02,2.0,1.0,94.0,Sunday,12,False,6.0
2012-12-03,1.0,1.071,72.0,Monday,12,False,4.0
2012-12-04,1.0,1.143,97.0,Tuesday,12,False,5.8
2012-12-05,1.0,1.214,84.0,Wednesday,12,False,2.4
2012-12-06,,1.286,91.0,Thursday,12,False,4.4
2012-12-07,3.0,1.286,88.0,Friday,12,False,4.2
2012-12-08,2.0,1.286,109.0,Saturday,12,False,4.3
2012-12-09,,1.214,83.0,Sunday,12,False,4.1
2012-12-10,1.0,1.107,91.0,Monday,12,False,2.6
2012-12-11,0.0,1.0,71.0,Tuesday,12,False,1.0
2012-12-12,3.0,1.071,113.0,Wednesday,12,False,2.9
2012-12-13,1.0,1.107,73.0,Thursday,12,False,5.0
2012-12-14,2.0,1.214,97.0,Friday,12,False,4.0
2012-12-15,1.0,1.179,96.0,Saturday,12,False,3.0
2012-12-16,3.0,1.071,103.0,Sunday,12,False,7.0
2012-12-17,3.0,1.071,105.0,Monday,12,False,6.6
2012-12-18,2.0,1.036,92.0,Tuesday,12,False,3.7
2012-12-19,1.0,1.107,94.0,Wednesday,12,False,6.2
2012-12-20,2.0,1.036,115.0,Thursday,12,False,1.9
2012-12-21,1.0,1.0,94.0,Friday,12,False,3.2
2012-12-22,3.0,1.071,110.0,Saturday,12,False,5.1
2012-12-23,2.0,0.964,89.0,Sunday,12,False,3.4
2012-12-24,2.0,1.036,86.0,Monday,12,False,4.6
2012-12-25,2.0,0.929,111.0,Tuesday,12,True,5.9
2012-12-26,0.0,0.821,82.0,Wednesday,12,True,3.1
2012-12-27,3.0,0.929,119.0,Thursday,12,False,5.0
2012-12-28,0.0,0.821,60.0,Friday,12,False,3.2
2012-12-29,2.0,0.893,89.0,Saturday,12,False,2.5
2012-12-30,0.0,0.857,96.0,Sunday,12,False,5.6
2012-12-31,0.0,0.786,65.0,Monday,12,False,2.6
2013-01-01,0.0,0.75,85.0,Tuesday,1,True,2.8
2013-01-02,2.0,0.821,72.0,Wednesday,1,False,3.7
2013-01-03,1.0,0.786,87.0,Thursday,1,False,1.4
2013-01-04,1.0,0.679,84.0,Friday,1,False,3.2
2013-01-05,2.0,0.786,107.0,Saturday,1,False,3.4
2013-01-06,,0.75,92.0,Sunday,1,False,4.7
2013-01-07,2.0,0.857,108.0,Monday,1,False,5.4
2013-01-08,1.0,0.857,96.0,Tuesday,1,False,6.3
2013-01-09,,0.929,101.0,Wednesday,1,False,3.6
2013-01-10,1.0,0.893,94.0,Thursday,1,False,5.1
2013-01-11,4.0,0.964,130.0,Friday,1,False,6.6
2013-01-12,2.0,0.893,94.0,Saturday,1,False,2.7
2013-01-13,2.0,0.929,102.0,Sunday,1,False,5.3
2013-01-14,2.0,0.964,86.0,Monday,1,False,4.7
2013-01-15,1.0,0.929,90.0,Tuesday,1,False,4.1
2013-01-16,0.0,0.929,88.0,Wednesday,1,False,2.8
2013-01-17,,0.857,87.0,Thursday,1,False,3.4
2013-01-18,2.0,0.821,121.0,Friday,1,False,5.5
2013-01-19,3.0,0.821,109.0,Saturday,1,False,3.2
2013-01-20,1.0,0.821,,Sunday,1,False,4.2
2013-01-21,1.0,0.786,105.0,Monday,1,False,3.9
2013-01-22,3.0,0.893,110.0,Tuesday,1,False,3.2
2013-01-23,3.0,0.857,110.0,Wednesday,1,False,5.8
2013-01-24,0.0,0.679,78.0,Thursday,1,False,4.4
2013-01-25,2.0,0.75,107.0,Friday,1,False,3.1
2013-01-26,0.0,0.786,87.0,Saturday,1,False,3.8
2013-01-27,2.0,0.679,105.0,Sunday,1,False,5.0
2013-01-28,1.0,0.75,107.0,Monday,1,False,3.7
2013-01-29,,0.75,88.0,Tuesday,1,False,3.7
2013-01-30,3.0,0.786,110.0,Wednesday,1,False,4.5
2013-01-31,1.0,0.857,85.0,Thursday,1,False,4.6
2013-02-01,1.0,0.821,114.0,Friday,2,False,
2013-02-02,0.0,0.714,85.0,Saturday,2,False,1.6
2013-02-03,1.0,0.607,94.0,Sunday,2,False,2.8
2013-02-04,2.0,0.714,98.0,Monday,2,False,2.0
2013-02-05,2.0,0.75,109.0,Tuesday,2,False,3.7
2013-02-06,0.0,,85.0,Wednesday,2,False,3.9
2013-02-07,0.0,0.821,78.0,Thursday,2,False,2.0
2013-02-08,0.0,0.786,78.0,Friday,2,False,4.3
2013-02-09,1.0,0.714,108.0,Saturday,2,False,4.7
2013-02-10,0.0,,97.0,Sunday,2,False,4.9
2013-02-11,0.0,0.536,86.0,Monday,2,False,1.9
2013-02-12,2.0,0.536,104.0,Tuesday,2,False,5.1
2013-02-13,1.0,0.571,111.0,Wednesday,2,False,6.4
2013-02-14,3.0,0.607,119.0,Thursday,2,False,7.0
2013-02-15,0.0,0.5,85.0,Friday,2,False,5.6
2013-02-16,0.0,0.393,100.0,Saturday,2,False,7.3
2013-02-17,5.0,0.571,131.0,Sunday,2,False,3.5
2013-02-18,1.0,0.607,79.0,Monday,2,False,5.4
2013-02-19,2.0,0.679,94.0,Tuesday,2,False,0.8
2013-02-20,1.0,0.714,88.0,Wednesday,2,False,3.4
2013-02-21,3.0,0.75,109.0,Thursday,2,False,4.8
2013-02-22,0.0,0.821,59.0,Friday,2,False,
2013-02-23,0.0,0.821,90.0,Saturday,2,False,3.6
2013-02-24,2.0,0.786,107.0,Sunday,2,False,5.3
2013-02-25,4.0,0.857,125.0,Monday,2,False,6.9
2013-02-26,1.0,0.893,96.0,Tuesday,2,False,3.2
2013-02-27,1.0,0.893,109.0,Wednesday,2,False,7.1
2013-02-28,3.0,1.036,90.0,Thursday,2,False,5.5
2013-03-01,5.0,1.214,103.0,Friday,3,False,1.2
2013-03-02,1.0,1.071,96.0,Saturday,3,False,5.2
2013-03-03,1.0,1.036,68.0,Sunday,3,False,1.1
2013-03-04,2.0,1.036,98.0,Monday,3,False,5.4
2013-03-05,1.0,0.929,96.0,Tuesday,3,False,3.5
2013-03-06,2.0,0.893,107.0,Wednesday,3,False,4.2
2013-03-07,0.0,0.893,,Thursday,3,False,3.7
2013-03-08,,0.821,84.0,Friday,3,False,4.1
2013-03-09,1.0,0.786,96.0,Saturday,3,False,5.0
2013-03-10,2.0,0.786,85.0,Sunday,3,False,
2013-03-11,2.0,0.821,111.0,Monday,3,False,6.2
2013-03-12,1.0,0.714,86.0,Tuesday,3,False,0.8
2013-03-13,0.0,0.607,58.0,Wednesday,3,False,1.9
2013-03-14,3.0,0.607,117.0,Thursday,3,False,
2013-03-15,4.0,0.75,137.0,Friday,3,False,5.0
2013-03-16,1.0,0.679,97.0,Saturday,3,False,4.3
2013-03-17,3.0,0.75,121.0,Sunday,3,False,3.8
2013-03-18,0.0,0.786,91.0,Monday,3,False,3.0
2013-03-19,1.0,0.821,67.0,Tuesday,3,False,4.2
2013-03-20,1.0,0.786,120.0,Wednesday,3,False,7.2
2013-03-21,1.0,,87.0,Thursday,3,False,5.1
2013-03-22,3.0,0.821,96.0,Friday,3,False,7.0
2013-03-23,3.0,0.929,,Saturday,3,False,3.2
2013-03-24,1.0,0.929,118.0,Sunday,3,False,5.5
2013-03-25,0.0,0.893,69.0,Monday,3,False,3.3
2013-03-26,,0.857,72.0,Tuesday,3,False,4.4
2013-03-27,0.0,0.786,70.0,Wednesday,3,False,3.1
2013-03-28,2.0,0.714,96.0,Thursday,3,False,5.5
2013-03-29,2.0,0.714,122.0,Friday,3,True,6.8
2013-03-30,4.0,0.821,130.0,Saturday,3,False,5.7
2013-03-31,5.0,0.857,137.0,Sunday,3,True,4.8
2013-04-01,0.0,0.821,66.0,Monday,4,True,4.5
2013-04-02,1.0,,59.0,Tuesday,4,False,3.8
2013-04-03,2.0,1.036,77.0,Wednesday,4,False,2.8
2013-04-04,0.0,,70.0,Thursday,4,False,2.7
2013-04-05,1.0,0.964,66.0,Friday,4,False,2.6
2013-04-06,1.0,1.0,73.0,Saturday,4,False,2.4
2013-04-07,2.0,,79.0,Sunday,4,False,3.3
2013-04-08,1.0,1.0,76.0,Monday,4,False,2.5
2013-04-09,2.0,0.929,72.0,Tuesday,4,False,3.2
2013-04-10,3.0,,81.0,Wednesday,4,False,4.9
2013-04-11,1.0,0.893,81.0,Thursday,4,False,4.5
2013-04-12,0.0,0.75,28.0,Friday,4,False,2.5
2013-04-13,4.0,0.857,71.0,Saturday,4,False,2.9
2013-04-14,3.0,0.964,71.0,Sunday,4,False,3.2
2013-04-15,,0.893,49.0,Monday,4,False,3.5
2013-04-16,1.0,0.679,89.0,Tuesday,4,False,1.2
2013-04-17,1.0,0.679,58.0,Wednesday,4,False,4.1
2013-04-18,0.0,0.536,59.0,Thursday,4,False,2.7
2013-04-19,,0.571,77.0,Friday,4,False,2.6
2013-04-20,1.0,0.571,56.0,Saturday,4,False,3.4
2013-04-21,2.0,0.679,72.0,Sunday,4,False,1.4
2013-04-22,3.0,0.857,93.0,Monday,4,False,3.6
2013-04-23,3.0,0.929,87.0,Tuesday,4,False,2.7
2013-04-24,,0.964,78.0,Wednesday,4,False,2.9
2013-04-25,0.0,0.929,47.0,Thursday,4,False,4.3
2013-04-26,3.0,0.929,95.0,Friday,4,False,3.4
2013-04-27,1.0,1.036,60.0,Saturday,4,True,2.1
2013-04-28,2.0,1.0,98.0,Sunday,4,False,6.5
2013-04-29,3.0,0.964,102.0,Monday,4,False,6.4
2013-04-30,2.0,0.857,56.0,Tuesday,4,False,0.9
2013-05-01,3.0,1.036,85.0,Wednesday,5,False,1.9
2013-05-02,2.0,1.0,93.0,Thursday,5,False,3.9
2013-05-03,2.0,0.964,74.0,Friday,5,False,1.6
2013-05-04,3.0,1.036,87.0,Saturday,5,False,2.5
2013-05-05,1.0,0.929,76.0,Sunday,5,False,2.2
2013-05-06,0.0,0.786,58.0,Monday,5,False,3.0
2013-05-07,3.0,0.821,70.0,Tuesday,5,False,1.4
2013-05-08,3.0,,77.0,Wednesday,5,False,3.8
2013-05-09,4.0,0.857,86.0,Thursday,5,True,3.5
2013-05-10,3.0,0.893,86.0,Friday,5,False,4.0
2013-05-11,3.0,1.036,85.0,Saturday,5,False,4.0
2013-05-12,1.0,1.107,81.0,Sunday,5,False,3.3
2013-05-13,1.0,1.0,59.0,Monday,5,False,2.5
2013-05-14,0.0,1.036,66.0,Tuesday,5,False,3.5
2013-05-15,1.0,0.929,49.0,Wednesday,5,False,
2013-05-16,1.0,0.786,70.0,Thursday,5,False,3.5
2013-05-17,1.0,0.786,74.0,Friday,5,False,1.7
2013-05-18,2.0,,62.0,Saturday,5,False,2.6
2013-05-19,0.0,0.679,53.0,Sunday,5,True,2.6
2013-05-20,4.0,0.75,98.0,Monday,5,True,4.2
2013-05-21,1.0,0.679,54.0,Tuesday,5,False,0.5
2013-05-22,3.0,0.679,72.0,Wednesday,5,False,3.0
2013-05-23,1.0,0.679,57.0,Thursday,5,False,2.5
2013-05-24,0.0,0.643,66.0,Friday,5,False,3.2
2013-05-25,1.0,0.643,60.0,Saturday,5,False,2.0
2013-05-26,4.0,0.643,83.0,Sunday,5,False,1.8
2013-05-27,1.0,0.643,83.0,Monday,5,False,2.8
2013-05-28,2.0,0.679,71.0,Tuesday,5,False,3.0
2013-05-29,2.0,0.714,76.0,Wednesday,5,False,3.8
2013-05-30,1.0,0.786,66.0,Thursday,5,False,4.0
2013-05-31,1.0,0.821,64.0,Friday,5,False,3.1
2013-06-01,0.0,0.786,43.0,Saturday,6,False,1.3
2013-06-02,0.0,,49.0,Sunday,6,False,0.4
2013-06-03,0.0,0.857,41.0,Monday,6,False,0.4
2013-06-04,2.0,0.786,60.0,Tuesday,6,False,2.6
2013-06-05,1.0,0.643,34.0,Wednesday,6,False,0.4
2013-06-06,1.0,0.643,67.0,Thursday,6,False,3.3
2013-06-07,3.0,0.786,55.0,Friday,6,False,3.4
2013-06-08,4.0,0.893,104.0,Saturday,6,False,3.8
2013-06-09,2.0,0.893,74.0,Sunday,6,False,2.0
2013-06-10,3.0,1.0,80.0,Monday,6,False,2.7
2013-06-11,1.0,0.893,56.0,Tuesday,6,False,2.5
2013-06-12,1.0,0.75,44.0,Wednesday,6,False,0.4
2013-06-13,2.0,0.786,72.0,Thursday,6,False,7.1
2013-06-14,2.0,0.821,45.0,Friday,6,False,1.5
2013-06-15,2.0,0.857,76.0,Saturday,6,False,1.0
2013-06-16,1.0,0.857,61.0,Sunday,6,False,2.1
2013-06-17,1.0,0.857,65.0,Monday,6,False,2.8
2013-06-18,1.0,0.75,36.0,Tuesday,6,False,1.9
2013-06-19,1.0,0.714,68.0,Wednesday,6,False,2.0
2013-06-20,0.0,0.643,28.0,Thursday,6,False,2.7
2013-06-21,1.0,0.464,52.0,Friday,6,False,3.5
2013-06-22,1.0,,61.0,Saturday,6,False,1.5
2013-06-23,2.0,0.464,73.0,Sunday,6,False,0.4
2013-06-24,2.0,0.5,71.0,Monday,6,False,2.5
2013-06-25,1.0,0.5,42.0,Tuesday,6,False,0.5
2013-06-26,1.0,0.607,,Wednesday,6,False,2.2
2013-06-27,2.0,0.679,62.0,Thursday,6,False,6.0
2013-06-28,1.0,0.643,,Friday,6,False,2.4
2013-06-29,,0.607,35.0,Saturday,6,False,1.0
2013-06-30,0.0,0.607,42.0,Sunday,6,False,0.4
2013-07-01,1.0,0.464,74.0,Monday,7,False,2.4
2013-07-02,1.0,0.464,49.0,Tuesday,7,False,2.2
2013-07-03,1.0,0.429,55.0,Wednesday,7,False,1.7
2013-07-04,1.0,0.464,49.0,Thursday,7,False,3.1
2013-07-05,0.0,0.464,53.0,Friday,7,False,2.2
2013-07-06,3.0,0.5,72.0,Saturday,7,False,2.8
2013-07-07,0.0,0.464,28.0,Sunday,7,False,3.0
2013-07-08,1.0,0.571,41.0,Monday,7,False,0.4
2013-07-09,2.0,0.536,60.0,Tuesday,7,False,1.8
2013-07-10,3.0,0.571,70.0,Wednesday,7,False,2.2
2013-07-11,0.0,0.536,58.0,Thursday,7,False,3.1
2013-07-12,2.0,0.643,61.0,Friday,7,False,4.0
2013-07-13,3.0,0.786,61.0,Saturday,7,False,1.9
2013-07-14,3.0,0.857,89.0,Sunday,7,False,5.0
2013-07-15,0.0,0.893,55.0,Monday,7,False,1.8
2013-07-16,1.0,0.929,62.0,Tuesday,7,False,4.7
2013-07-17,3.0,0.929,69.0,Wednesday,7,False,4.1
2013-07-18,1.0,0.929,59.0,Thursday,7,False,
2013-07-19,0.0,0.75,36.0,Friday,7,False,2.4
2013-07-20,1.0,0.821,45.0,Saturday,7,False,2.8
2013-07-21,1.0,0.786,57.0,Sunday,7,False,3.1
2013-07-22,2.0,0.786,67.0,Monday,7,False,3.5
2013-07-23,3.0,0.857,76.0,Tuesday,7,False,3.2
2013-07-24,1.0,0.786,48.0,Wednesday,7,False,0.9
2013-07-25,0.0,0.75,57.0,Thursday,7,False,2.8
2013-07-26,2.0,0.75,72.0,Friday,7,False,3.5
2013-07-27,1.0,0.714,45.0,Saturday,7,False,0.4
2013-07-28,0.0,0.643,41.0,Sunday,7,False,3.4
2013-07-29,2.0,0.643,60.0,Monday,7,False,2.9
2013-07-30,3.0,0.679,72.0,Tuesday,7,False,2.4
2013-07-31,1.0,0.679,78.0,Wednesday,7,False,2.9
2013-08-01,1.0,0.643,45.0,Thursday,8,False,3.0
2013-08-02,1.0,0.643,60.0,Friday,8,False,5.7
2013-08-03,3.0,0.821,76.0,Saturday,8,False,4.1
2013-08-04,,0.714,28.0,Sunday,8,False,3.0
2013-08-05,2.0,0.679,65.0,Monday,8,False,5.0
2013-08-06,1.0,0.786,,Tuesday,8,False,6.3
2013-08-07,1.0,0.75,66.0,Wednesday,8,False,0.4
2013-08-08,1.0,0.714,62.0,Thursday,8,False,0.4
2013-08-09,1.0,0.714,60.0,Friday,8,False,3.8
2013-08-10,2.0,,65.0,Saturday,8,False,4.1
2013-08-11,5.0,1.107,104.0,Sunday,8,False,1.4
2013-08-12,1.0,1.071,53.0,Monday,8,False,3.2
2013-08-13,3.0,,74.0,Tuesday,8,False,3.7
2013-08-14,0.0,1.071,52.0,Wednesday,8,False,1.4
2013-08-15,1.0,1.071,43.0,Thursday,8,False,1.4
2013-08-16,0.0,1.036,59.0,Friday,8,False,2.1
2013-08-17,1.0,0.821,56.0,Saturday,8,False,2.5
2013-08-18,2.0,0.679,67.0,Sunday,8,False,3.1
2013-08-19,3.0,0.786,81.0,Monday,8,False,1.4
2013-08-20,1.0,0.679,44.0,Tuesday,8,False,2.3
2013-08-21,1.0,0.571,42.0,Wednesday,8,False,5.2
2013-08-22,1.0,0.607,49.0,Thursday,8,False,3.0
2013-08-23,4.0,,96.0,Friday,8,False,3.1
2013-08-24,5.0,0.893,84.0,Saturday,8,False,0.6
2013-08-25,1.0,1.0,61.0,Sunday,8,False,3.3
2013-08-26,0.0,0.857,44.0,Monday,8,False,3.3
2013-08-27,1.0,0.857,59.0,Tuesday,8,False,3.1
2013-08-28,1.0,0.786,59.0,Wednesday,8,False,3.7
2013-08-29,2.0,0.857,61.0,Thursday,8,False,
2013-08-30,,0.929,56.0,Friday,8,False,3.1
2013-08-31,2.0,,67.0,Saturday,8,False,4.4
2013-09-01,3.0,1.036,58.0,Sunday,9,False,2.2
2013-09-02,3.0,1.143,92.0,Monday,9,False,5.0
2013-09-03,0.0,1.107,58.0,Tuesday,9,False,2.4
2013-09-04,4.0,1.25,108.0,Wednesday,9,False,5.4
2013-09-05,4.0,,91.0,Thursday,9,False,3.9
2013-09-06,2.0,1.179,80.0,Friday,9,False,2.0
2013-09-07,1.0,1.0,87.0,Saturday,9,False,2.9
2013-09-08,0.0,1.0,41.0,Sunday,9,False,1.0
2013-09-09,2.0,0.964,98.0,Monday,9,False,3.9
2013-09-10,3.0,1.0,103.0,Tuesday,9,False,5.4
2013-09-11,1.0,0.893,71.0,Wednesday,9,False,1.3
2013-09-12,2.0,1.0,79.0,Thursday,9,False,3.6
2013-09-13,1.0,0.857,69.0,Friday,9,False,3.5
2013-09-14,3.0,0.893,94.0,Saturday,9,False,3.4
2013-09-15,1.0,0.786,59.0,Sunday,9,False,3.2
2013-09-16,3.0,0.821,94.0,Monday,9,False,5.2
2013-09-17,1.0,0.75,77.0,Tuesday,9,False,3.7
2013-09-18,0.0,0.714,62.0,Wednesday,9,False,2.3
2013-09-19,1.0,0.821,55.0,Thursday,9,False,3.0
2013-09-20,1.0,0.821,72.0,Friday,9,False,
2013-09-21,5.0,1.0,109.0,Saturday,9,False,2.6
2013-09-22,1.0,0.964,64.0,Sunday,9,False,3.1
2013-09-23,1.0,0.964,76.0,Monday,9,False,5.5
2013-09-24,1.0,1.0,79.0,Tuesday,9,False,4.3
2013-09-25,,0.821,58.0,Wednesday,9,False,4.3
2013-09-26,1.0,0.536,73.0,Thursday,9,False,2.3
2013-09-27,1.0,0.571,63.0,Friday,9,False,3.8
2013-09-28,2.0,0.607,79.0,Saturday,9,False,3.7
2013-09-29,3.0,0.679,84.0,Sunday,9,False,4.1
2013-09-30,2.0,0.786,71.0,Monday,9,False,0.4
2013-10-01,1.0,0.643,73.0,Tuesday,10,False,3.2
2013-10-02,,0.714,75.0,Wednesday,10,False,5.2
2013-10-03,,0.714,85.0,Thursday,10,False,2.9
2013-10-04,0.0,0.643,31.0,Friday,10,False,2.1
2013-10-05,0.0,0.643,46.0,Saturday,10,False,2.6
2013-10-06,0.0,0.536,38.0,Sunday,10,False,
2013-10-07,2.0,0.643,94.0,Monday,10,False,5.3
2013-10-08,1.0,0.5,61.0,Tuesday,10,False,2.7
2013-10-09,0.0,0.536,54.0,Wednesday,10,False,4.1
2013-10-10,2.0,0.607,77.0,Thursday,10,False,2.5
2013-10-11,,0.607,100.0,Friday,10,False,4.5
2013-10-12,1.0,0.571,73.0,Saturday,10,False,2.7
2013-10-13,0.0,0.571,51.0,Sunday,10,False,0.8
2013-10-14,1.0,0.536,71.0,Monday,10,False,2.1
2013-10-15,0.0,0.464,56.0,Tuesday,10,False,3.1
2013-10-16,1.0,0.5,58.0,Wednesday,10,False,1.5
2013-10-17,2.0,0.536,94.0,Thursday,10,False,4.9
2013-10-18,4.0,0.714,81.0,Friday,10,False,2.9
2013-10-19,3.0,0.714,102.0,Saturday,10,False,4.1
2013-10-20,1.0,0.821,79.0,Sunday,10,False,2.4
2013-10-21,1.0,0.893,75.0,Monday,10,False,
2013-10-22,0.0,0.893,54.0,Tuesday,10,False,1.4
2013-10-23,3.0,1.036,,Wednesday,10,False,3.0
2013-10-24,0.0,1.0,62.0,Thursday,10,False,1.4
2013-10-25,2.0,1.0,83.0,Friday,10,False,0.4
2013-10-26,1.0,0.821,69.0,Saturday,10,False,3.9
2013-10-27,2.0,0.893,82.0,Sunday,10,False,2.7
2013-10-28,2.0,0.929,102.0,Monday,10,False,6.9
2013-10-29,2.0,0.929,75.0,Tuesday,10,False,3.7
2013-10-30,2.0,0.893,87.0,Wednesday,10,False,4.2
2013-10-31,1.0,0.929,66.0,Thursday,10,False,0.4
2013-11-01,1.0,0.893,84.0,Friday,11,False,5.1
2013-11-02,0.0,0.857,80.0,Saturday,11,False,5.1
2013-11-03,1.0,0.643,79.0,Sunday,11,False,2.8
2013-11-04,2.0,0.75,83.0,Monday,11,False,4.6
2013-11-05,0.0,0.679,66.0,Tuesday,11,False,3.6
2013-11-06,2.0,0.75,107.0,Wednesday,11,False,6.8
2013-11-07,2.0,0.679,91.0,Thursday,11,False,4.4
2013-11-08,1.0,0.643,95.0,Friday,11,False,4.1
2013-11-09,2.0,0.714,84.0,Saturday,11,False,3.4
2013-11-10,2.0,0.714,106.0,Sunday,11,False,3.5
2013-11-11,2.0,0.857,75.0,Monday,11,False,1.3
2013-11-12,0.0,0.75,89.0,Tuesday,11,False,5.4
2013-11-13,1.0,0.75,93.0,Wednesday,11,False,
2013-11-14,3.0,0.929,117.0,Thursday,11,False,5.7
2013-11-15,,0.964,96.0,Friday,11,False,3.7
2013-11-16,1.0,0.929,79.0,Saturday,11,False,2.5
2013-11-17,2.0,0.893,118.0,Sunday,11,False,4.7
2013-11-18,,,83.0,Monday,11,False,5.3
2013-11-19,1.0,0.75,93.0,Tuesday,11,False,4.2
2013-11-20,2.0,,98.0,Wednesday,11,False,4.9
2013-11-21,1.0,0.714,96.0,Thursday,11,False,4.8
2013-11-22,3.0,0.786,110.0,Friday,11,False,5.0
2013-11-23,2.0,0.821,87.0,Saturday,11,False,1.2
2013-11-24,1.0,0.75,91.0,Sunday,11,False,3.1
2013-11-25,1.0,,112.0,Monday,11,False,5.0
2013-11-26,2.0,0.714,107.0,Tuesday,11,False,4.8
2013-11-27,0.0,0.679,71.0,Wednesday,11,False,
2013-11-28,2.0,,105.0,Thursday,11,False,5.9
2013-11-29,1.0,0.571,106.0,Friday,11,False,4.7
2013-11-30,0.0,0.464,58.0,Saturday,11,False,3.2
2013-12-01,3.0,0.5,102.0,Sunday,12,False,4.6
2013-12-02,0.0,0.5,76.0,Monday,12,False,3.5
2013-12-03,1.0,,81.0,Tuesday,12,False,5.3
2013-12-04,1.0,0.571,78.0,Wednesday,12,False,3.7
2013-12-05,0.0,0.393,72.0,Thursday,12,False,4.0
2013-12-06,3.0,0.571,102.0,Friday,12,False,4.0
2013-12-07,0.0,0.607,87.0,Saturday,12,False,3.4
2013-12-08,1.0,0.607,89.0,Sunday,12,False,5.0
2013-12-09,4.0,0.643,111.0,Monday,12,False,4.5
2013-12-10,3.0,0.679,100.0,Tuesday,12,False,3.7
2013-12-11,2.0,0.75,89.0,Wednesday,12,False,2.8
2013-12-12,1.0,0.786,76.0,Thursday,12,False,2.2
2013-12-13,0.0,0.75,75.0,Friday,12,False,3.2
2013-12-14,2.0,0.643,87.0,Saturday,12,False,2.7
2013-12-15,0.0,,89.0,Sunday,12,False,2.9
2013-12-16,2.0,0.643,108.0,Monday,12,False,3.5
2013-12-17,2.0,0.714,90.0,Tuesday,12,False,3.1
2013-12-18,,0.786,89.0,Wednesday,12,False,1.5
2013-12-19,0.0,0.75,79.0,Thursday,12,False,5.8
2013-12-20,1.0,0.714,71.0,Friday,12,False,5.2
2013-12-21,0.0,0.643,85.0,Saturday,12,False,3.9
2013-12-22,2.0,0.643,94.0,Sunday,12,False,3.1
2013-12-23,1.0,0.643,81.0,Monday,12,False,4.0
2013-12-24,0.0,0.607,78.0,Tuesday,12,False,0.7
2013-12-25,1.0,0.571,98.0,Wednesday,12,True,2.9
2013-12-26,2.0,0.571,98.0,Thursday,12,True,2.5
2013-12-27,3.0,0.607,105.0,Friday,12,False,5.0
2013-12-28,3.0,0.679,120.0,Saturday,12,False,
2013-12-29,1.0,,88.0,Sunday,12,False,3.3
2013-12-30,2.0,0.821,106.0,Monday,12,False,4.0
2013-12-31,1.0,0.929,,Tuesday,12,False,3.7
2014-01-01,2.0,0.964,84.0,Wednesday,1,True,2.8
2014-01-02,4.0,0.964,120.0,Thursday,1,False,5.3
2014-01-03,2.0,0.929,96.0,Friday,1,False,3.8
2014-01-04,1.0,1.071,88.0,Saturday,1,False,3.3
2014-01-05,3.0,,105.0,Sunday,1,False,4.0
2014-01-06,0.0,0.893,83.0,Monday,1,False,5.2
2014-01-07,2.0,0.893,95.0,Tuesday,1,False,4.2
2014-01-08,3.0,0.893,115.0,Wednesday,1,False,5.5
2014-01-09,1.0,0.786,56.0,Thursday,1,False,2.7
2014-01-10,2.0,0.75,92.0,Friday,1,False,4.8
2014-01-11,2.0,0.75,108.0,Saturday,1,False,3.6
2014-01-12,0.0,0.75,80.0,Sunday,1,False,3.2
2014-01-13,4.0,0.964,112.0,Monday,1,False,7.6
2014-01-14,3.0,1.036,105.0,Tuesday,1,False,4.7
2014-01-15,2.0,1.071,99.0,Wednesday,1,False,4.5
2014-01-16,1.0,0.929,,Thursday,1,False,1.8
2014-01-17,2.0,0.929,104.0,Friday,1,False,4.2
2014-01-18,0.0,0.821,62.0,Saturday,1,False,3.3
2014-01-19,2.0,0.821,92.0,Sunday,1,False,4.1
2014-01-20,2.0,0.857,87.0,Monday,1,False,5.4
2014-01-21,6.0,1.071,137.0,Tuesday,1,False,6.4
2014-01-22,2.0,0.964,108.0,Wednesday,1,False,4.3
2014-01-23,2.0,0.929,104.0,Thursday,1,False,2.1
2014-01-24,4.0,0.964,124.0,Friday,1,False,5.3
2014-01-25,1.0,0.929,112.0,Saturday,1,False,6.1
2014-01-26,2.0,0.893,95.0,Sunday,1,False,4.6
2014-01-27,0.0,0.893,82.0,Monday,1,False,3.9
2014-01-28,1.0,0.929,95.0,Tuesday,1,False,5.3
2014-01-29,3.0,1.0,97.0,Wednesday,1,False,4.1
2014-01-30,2.0,1.036,81.0,Thursday,1,False,2.0
2014-01-31,1.0,1.071,87.0,Friday,1,False,4.4
2014-02-01,3.0,1.071,119.0,Saturday,2,False,4.9
2014-02-02,3.0,1.071,106.0,Sunday,2,False,6.0
2014-02-03,0.0,0.929,80.0,Monday,2,False,4.8
2014-02-04,1.0,0.964,101.0,Tuesday,2,False,3.6
2014-02-05,1.0,0.964,84.0,Wednesday,2,False,5.2
2014-02-06,1.0,0.786,90.0,Thursday,2,False,3.1
2014-02-07,,0.821,94.0,Friday,2,False,2.6
2014-02-08,0.0,0.786,71.0,Saturday,2,False,1.8
2014-02-09,1.0,0.857,67.0,Sunday,2,False,5.4
2014-02-10,2.0,0.821,112.0,Monday,2,False,4.4
2014-02-11,1.0,0.786,98.0,Tuesday,2,False,6.4
2014-02-12,2.0,0.786,86.0,Wednesday,2,False,4.3
2014-02-13,1.0,0.857,105.0,Thursday,2,False,5.0
2014-02-14,2.0,0.714,100.0,Friday,2,False,5.7
2014-02-15,2.0,0.821,93.0,Saturday,2,False,1.7
2014-02-16,0.0,0.714,99.0,Sunday,2,False,4.4
2014-02-17,1.0,0.643,100.0,Monday,2,False,3.8
2014-02-18,0.0,0.5,85.0,Tuesday,2,False,5.0
2014-02-19,2.0,0.5,107.0,Wednesday,2,False,4.6
2014-02-20,3.0,0.536,113.0,Thursday,2,False,4.5
2014-02-21,0.0,0.536,77.0,Friday,2,False,2.7
2014-02-22,0.0,0.536,80.0,Saturday,2,False,3.2
2014-02-23,2.0,0.643,79.0,Sunday,2,False,5.2
2014-02-24,4.0,0.75,92.0,Monday,2,False,3.7
2014-02-25,1.0,0.786,88.0,Tuesday,2,False,
2014-02-26,3.0,0.821,120.0,Wednesday,2,False,3.3
2014-02-27,0.0,0.714,71.0,Thursday,2,False,1.7
2014-02-28,1.0,0.75,,Friday,2,False,3.6
2014-03-01,2.0,0.679,93.0,Saturday,3,False,3.0
2014-03-02,1.0,0.643,98.0,Sunday,3,False,2.9
2014-03-03,3.0,0.679,118.0,Monday,3,False,7.8
2014-03-04,3.0,0.714,105.0,Tuesday,3,False,4.8
2014-03-05,1.0,0.786,107.0,Wednesday,3,False,5.4
2014-03-06,1.0,0.75,90.0,Thursday,3,False,3.7
2014-03-07,1.0,0.786,79.0,Friday,3,False,4.0
2014-03-08,3.0,,117.0,Saturday,3,False,5.4
2014-03-09,2.0,0.893,117.0,Sunday,3,False,5.4
2014-03-10,0.0,0.929,64.0,Monday,3,False,2.5
2014-03-11,1.0,0.821,116.0,Tuesday,3,False,4.9
2014-03-12,0.0,0.75,84.0,Wednesday,3,False,5.6
2014-03-13,6.0,0.929,121.0,Thursday,3,False,6.1
2014-03-14,0.0,0.929,57.0,Friday,3,False,2.8
2014-03-15,3.0,1.0,,Saturday,3,False,6.7
2014-03-16,0.0,1.0,,Sunday,3,False,5.4
2014-03-17,1.0,1.0,93.0,Monday,3,False,4.6
2014-03-18,2.0,0.964,107.0,Tuesday,3,False,5.4
2014-03-19,1.0,0.786,94.0,Wednesday,3,False,5.0
2014-03-20,0.0,0.714,82.0,Thursday,3,False,4.2
2014-03-21,2.0,0.714,75.0,Friday,3,False,3.9
2014-03-22,0.0,0.857,108.0,Saturday,3,False,4.5
2014-03-23,1.0,0.786,79.0,Sunday,3,False,1.2
2014-03-24,0.0,0.714,84.0,Monday,3,False,2.3
2014-03-25,4.0,0.786,120.0,Tuesday,3,False,4.2
2014-03-26,1.0,0.714,76.0,Wednesday,3,False,5.8
2014-03-27,2.0,0.607,84.0,Thursday,3,False,3.7
2014-03-28,1.0,0.679,92.0,Friday,3,False,4.0
2014-03-29,1.0,0.786,84.0,Saturday,3,False,2.9
2014-03-30,3.0,0.929,91.0,Sunday,3,False,4.3
2014-03-31,0.0,0.857,69.0,Monday,3,False,2.6
2014-04-01,1.0,0.964,86.0,Tuesday,4,False,3.2
2014-04-02,1.0,0.893,58.0,Wednesday,4,False,3.3
2014-04-03,1.0,0.857,66.0,Thursday,4,False,2.8
2014-04-04,0.0,0.786,69.0,Friday,4,False,2.8
2014-04-05,,0.821,65.0,Saturday,4,False,1.3
2014-04-06,1.0,0.821,55.0,Sunday,4,False,1.9
2014-04-07,1.0,0.929,71.0,Monday,4,False,3.6
2014-04-08,1.0,0.929,74.0,Tuesday,4,False,4.1
2014-04-09,2.0,0.929,69.0,Wednesday,4,False,1.8
2014-04-10,1.0,0.714,81.0,Thursday,4,False,4.1
2014-04-11,2.0,0.607,82.0,Friday,4,False,2.4
2014-04-12,2.0,0.643,79.0,Saturday,4,False,4.9
2014-04-13,2.0,0.679,90.0,Sunday,4,False,2.4
2014-04-14,2.0,0.714,107.0,Monday,4,False,
2014-04-15,1.0,0.607,59.0,Tuesday,4,False,3.7
2014-04-16,2.0,0.536,55.0,Wednesday,4,False,3.2
2014-04-17,,0.643,89.0,Thursday,4,False,2.3
2014-04-18,0.0,0.607,56.0,Friday,4,True,2.4
2014-04-19,1.0,0.571,69.0,Saturday,4,False,2.7
2014-04-20,0.0,0.357,54.0,Sunday,4,True,1.7
2014-04-21,,0.464,96.0,Monday,4,True,3.1
2014-04-22,2.0,0.536,77.0,Tuesday,4,False,4.0
2014-04-23,0.0,0.5,56.0,Wednesday,4,False,4.2
2014-04-24,0.0,0.5,54.0,Thursday,4,False,2.4
2014-04-25,3.0,0.536,95.0,Friday,4,False,5.7
2014-04-26,1.0,0.643,42.0,Saturday,4,False,2.1
2014-04-27,1.0,,61.0,Sunday,4,True,2.8
2014-04-28,1.0,0.571,40.0,Monday,4,False,1.3
2014-04-29,1.0,0.607,82.0,Tuesday,4,False,2.3
2014-04-30,2.0,0.607,71.0,Wednesday,4,False,5.1
2014-05-01,0.0,0.607,61.0,Thursday,5,False,4.7
2014-05-02,3.0,0.571,87.0,Friday,5,False,3.8
2014-05-03,3.0,0.571,113.0,Saturday,5,False,6.8
2014-05-04,0.0,0.571,64.0,Sunday,5,False,0.4
2014-05-05,0.0,0.464,55.0,Monday,5,False,0.4
2014-05-06,4.0,0.643,79.0,Tuesday,5,False,3.1
2014-05-07,0.0,0.643,29.0,Wednesday,5,False,0.4
2014-05-08,1.0,0.679,59.0,Thursday,5,False,2.8
2014-05-09,3.0,0.714,95.0,Friday,5,False,3.9
2014-05-10,1.0,0.714,44.0,Saturday,5,False,1.4
2014-05-11,1.0,0.75,73.0,Sunday,5,False,3.3
2014-05-12,2.0,0.893,60.0,Monday,5,False,4.2
2014-05-13,,0.786,49.0,Tuesday,5,False,0.5
2014-05-14,4.0,0.893,103.0,Wednesday,5,False,4.8
2014-05-15,2.0,0.893,79.0,Thursday,5,False,4.1
2014-05-16,2.0,0.821,69.0,Friday,5,False,3.8
2014-05-17,1.0,0.821,101.0,Saturday,5,False,4.7
2014-05-18,1.0,0.714,57.0,Sunday,5,False,1.2
2014-05-19,2.0,0.75,57.0,Monday,5,False,2.9
2014-05-20,0.0,0.714,54.0,Tuesday,5,False,3.4
2014-05-21,2.0,0.714,92.0,Wednesday,5,False,3.1
2014-05-22,1.0,0.714,54.0,Thursday,5,False,1.5
2014-05-23,2.0,0.786,79.0,Friday,5,False,5.2
2014-05-24,0.0,0.679,63.0,Saturday,5,False,3.6
2014-05-25,3.0,0.714,103.0,Sunday,5,False,6.0
2014-05-26,2.0,0.714,43.0,Monday,5,False,1.0
2014-05-27,0.0,0.786,75.0,Tuesday,5,False,4.4
2014-05-28,1.0,0.786,73.0,Wednesday,5,False,2.4
2014-05-29,1.0,0.714,48.0,Thursday,5,True,2.1
2014-05-30,0.0,0.714,49.0,Friday,5,False,3.6
2014-05-31,1.0,0.714,68.0,Saturday,5,False,
2014-06-01,2.0,0.75,62.0,Sunday,6,False,2.5
2014-06-02,1.0,0.786,29.0,Monday,6,False,3.4
2014-06-03,1.0,0.75,69.0,Tuesday,6,False,4.9
2014-06-04,0.0,0.679,60.0,Wednesday,6,False,3.3
2014-06-05,0.0,0.607,52.0,Thursday,6,False,2.1
2014-06-06,1.0,0.679,74.0,Friday,6,False,4.3
2014-06-07,1.0,0.714,35.0,Saturday,6,False,1.0
2014-06-08,2.0,0.714,69.0,Sunday,6,True,2.8
2014-06-09,0.0,0.464,28.0,Monday,6,True,
2014-06-10,1.0,0.429,54.0,Tuesday,6,False,1.6
2014-06-11,1.0,0.393,38.0,Wednesday,6,False,2.3
2014-06-12,1.0,0.357,70.0,Thursday,6,False,3.7
2014-06-13,1.0,0.393,53.0,Friday,6,False,0.9
2014-06-14,1.0,0.5,47.0,Saturday,6,False,4.0
2014-06-15,1.0,0.5,43.0,Sunday,6,False,2.8
2014-06-16,3.0,0.536,85.0,Monday,6,False,4.5
2014-06-17,2.0,0.643,67.0,Tuesday,6,False,1.9
2014-06-18,2.0,0.679,50.0,Wednesday,6,False,2.8
2014-06-19,1.0,0.643,55.0,Thursday,6,False,2.9
2014-06-20,2.0,0.643,53.0,Friday,6,False,1.9
2014-06-21,2.0,0.643,79.0,Saturday,6,False,4.1
2014-06-22,2.0,0.607,47.0,Sunday,6,False,1.8
2014-06-23,2.0,0.571,47.0,Monday,6,False,2.8
2014-06-24,1.0,0.536,64.0,Tuesday,6,False,3.4
2014-06-25,2.0,0.643,61.0,Wednesday,6,False,2.3
2014-06-26,2.0,0.714,54.0,Thursday,6,False,1.2
2014-06-27,0.0,0.643,56.0,Friday,6,False,1.7
2014-06-28,0.0,0.5,43.0,Saturday,6,False,1.5
2014-06-29,2.0,0.679,106.0,Sunday,6,False,4.2
2014-06-30,2.0,0.714,64.0,Monday,6,False,
2014-07-01,0.0,0.714,51.0,Tuesday,7,False,2.5
2014-07-02,1.0,0.643,50.0,Wednesday,7,False,2.1
2014-07-03,3.0,0.786,71.0,Thursday,7,False,0.8
2014-07-04,2.0,0.75,,Friday,7,False,3.5
2014-07-05,4.0,0.75,103.0,Saturday,7,False,4.5
2014-07-06,1.0,0.75,56.0,Sunday,7,False,0.8
2014-07-07,0.0,0.607,41.0,Monday,7,False,2.9
2014-07-08,0.0,0.643,52.0,Tuesday,7,False,4.5
2014-07-09,1.0,0.643,38.0,Wednesday,7,False,
2014-07-10,,0.679,62.0,Thursday,7,False,2.8
2014-07-11,4.0,0.786,88.0,Friday,7,False,
2014-07-12,3.0,0.857,78.0,Saturday,7,False,3.6
2014-07-13,0.0,0.929,31.0,Sunday,7,False,1.4
2014-07-14,0.0,0.679,52.0,Monday,7,False,3.0
2014-07-15,3.0,0.857,83.0,Tuesday,7,False,3.1
2014-07-16,0.0,0.786,51.0,Wednesday,7,False,4.4
2014-07-17,0.0,0.75,45.0,Thursday,7,False,2.6
2014-07-18,1.0,0.786,52.0,Friday,7,False,1.3
2014-07-19,0.0,,37.0,Saturday,7,False,3.7
2014-07-20,1.0,0.643,67.0,Sunday,7,False,3.3
2014-07-21,1.0,0.607,66.0,Monday,7,False,4.5
2014-07-22,0.0,0.5,38.0,Tuesday,7,False,3.1
2014-07-23,2.0,0.429,75.0,Wednesday,7,False,3.7
2014-07-24,,0.393,39.0,Thursday,7,False,2.5
2014-07-25,0.0,0.429,45.0,Friday,7,False,3.2
2014-07-26,2.0,0.5,67.0,Saturday,7,False,4.4
2014-07-27,2.0,0.5,72.0,Sunday,7,False,2.2
2014-07-28,2.0,0.643,57.0,Monday,7,False,4.0
2014-07-29,3.0,0.714,75.0,Tuesday,7,False,2.4
2014-07-30,0.0,0.643,59.0,Wednesday,7,False,1.4
2014-07-31,1.0,0.607,51.0,Thursday,7,False,1.9
2014-08-01,3.0,0.786,62.0,Friday,8,False,3.4
2014-08-02,2.0,0.929,65.0,Saturday,8,False,1.6
2014-08-03,1.0,0.821,39.0,Sunday,8,False,1.8
2014-08-04,5.0,0.786,98.0,Monday,8,False,4.5
2014-08-05,2.0,0.75,66.0,Tuesday,8,False,1.6
2014-08-06,4.0,0.893,97.0,Wednesday,8,False,6.8
2014-08-07,1.0,0.893,68.0,Thursday,8,False,1.9
2014-08-08,1.0,0.893,48.0,Friday,8,False,3.1
2014-08-09,0.0,0.786,28.0,Saturday,8,False,3.2
2014-08-10,,0.857,,Sunday,8,False,2.5
2014-08-11,3.0,1.0,83.0,Monday,8,False,5.5
2014-08-12,3.0,1.071,61.0,Tuesday,8,False,2.6
2014-08-13,4.0,1.179,100.0,Wednesday,8,False,3.4
2014-08-14,3.0,1.214,64.0,Thursday,8,False,4.2
2014-08-15,0.0,1.0,37.0,Friday,8,False,2.6
2014-08-16,0.0,0.857,48.0,Saturday,8,False,1.2
2014-08-17,2.0,0.857,75.0,Sunday,8,False,3.9
2014-08-18,,0.964,76.0,Monday,8,False,1.3
2014-08-19,1.0,0.964,,Tuesday,8,False,0.5
2014-08-20,0.0,0.893,60.0,Wednesday,8,False,1.8
2014-08-21,4.0,0.964,83.0,Thursday,8,False,3.9
2014-08-22,1.0,0.964,78.0,Friday,8,False,4.1
2014-08-23,0.0,0.893,36.0,Saturday,8,False,0.4
2014-08-24,0.0,0.821,72.0,Sunday,8,False,
2014-08-25,2.0,0.714,69.0,Monday,8,False,2.5
2014-08-26,2.0,0.679,62.0,Tuesday,8,False,5.3
2014-08-27,2.0,0.643,74.0,Wednesday,8,False,2.8
2014-08-28,1.0,0.643,50.0,Thursday,8,False,2.4
2014-08-29,1.0,0.643,45.0,Friday,8,False,2.3
2014-08-30,1.0,0.643,43.0,Saturday,8,False,4.1
2014-08-31,3.0,0.75,55.0,Sunday,8,False,4.3
2014-09-01,3.0,0.75,96.0,Monday,9,False,3.3
2014-09-02,0.0,0.714,42.0,Tuesday,9,False,4.7
2014-09-03,5.0,0.857,127.0,Wednesday,9,False,6.8
2014-09-04,1.0,0.821,95.0,Thursday,9,False,5.0
2014-09-05,0.0,0.75,50.0,Friday,9,False,2.6
2014-09-06,0.0,0.714,57.0,Saturday,9,False,2.0
2014-09-07,0.0,0.643,38.0,Sunday,9,False,3.1
2014-09-08,2.0,0.714,85.0,Monday,9,False,3.8
2014-09-09,4.0,0.786,98.0,Tuesday,9,False,5.9
2014-09-10,3.0,0.786,79.0,Wednesday,9,False,0.6
2014-09-11,1.0,0.857,56.0,Thursday,9,False,3.1
2014-09-12,2.0,0.857,81.0,Friday,9,False,4.5
2014-09-13,3.0,1.0,69.0,Saturday,9,False,4.5
2014-09-14,1.0,1.071,81.0,Sunday,9,False,2.1
2014-09-15,1.0,1.036,78.0,Monday,9,False,2.5
2014-09-16,3.0,1.143,68.0,Tuesday,9,False,1.6
2014-09-17,2.0,1.107,65.0,Wednesday,9,False,3.2
2014-09-18,3.0,1.143,104.0,Thursday,9,False,3.2
2014-09-19,0.0,1.0,51.0,Friday,9,False,4.2
2014-09-20,2.0,0.929,73.0,Saturday,9,False,1.3
2014-09-21,1.0,0.714,61.0,Sunday,9,False,2.3
2014-09-22,1.0,0.679,78.0,Monday,9,False,1.5
2014-09-23,2.0,0.607,97.0,Tuesday,9,False,4.3
2014-09-24,2.0,0.607,64.0,Wednesday,9,False,3.9
2014-09-25,1.0,0.643,51.0,Thursday,9,False,2.9
2014-09-26,1.0,0.607,42.0,Friday,9,False,
2014-09-27,4.0,0.786,90.0,Saturday,9,False,1.2
2014-09-28,2.0,0.821,59.0,Sunday,9,False,2.8
2014-09-29,3.0,1.036,71.0,Monday,9,False,3.3
2014-09-30,0.0,0.893,68.0,Tuesday,9,False,2.5
2014-10-01,0.0,0.786,51.0,Wednesday,10,False,3.8
2014-10-02,1.0,0.679,78.0,Thursday,10,False,4.2
2014-10-03,5.0,0.786,117.0,Friday,10,False,6.7
2014-10-04,,0.821,86.0,Saturday,10,False,2.5
2014-10-05,2.0,,81.0,Sunday,10,False,1.9
2014-10-06,6.0,1.0,138.0,Monday,10,False,5.3
2014-10-07,2.0,1.036,68.0,Tuesday,10,False,5.3
2014-10-08,2.0,1.0,61.0,Wednesday,10,False,3.2
2014-10-09,,0.893,71.0,Thursday,10,False,2.9
2014-10-10,1.0,0.821,65.0,Friday,10,False,1.2
2014-10-11,0.0,0.786,,Saturday,10,False,2.6
2014-10-12,2.0,0.75,51.0,Sunday,10,False,4.2
2014-10-13,,0.714,83.0,Monday,10,False,2.3
2014-10-14,2.0,0.607,71.0,Tuesday,10,False,2.4
2014-10-15,0.0,0.643,42.0,Wednesday,10,False,
2014-10-16,0.0,0.643,62.0,Thursday,10,False,1.0
2014-10-17,1.0,0.607,49.0,Friday,10,False,2.3
2014-10-18,0.0,0.571,52.0,Saturday,10,False,3.2
2014-10-19,1.0,0.5,56.0,Sunday,10,False,3.7
2014-10-20,2.0,0.5,64.0,Monday,10,False,2.3
2014-10-21,1.0,0.5,83.0,Tuesday,10,False,4.3
2014-10-22,2.0,0.536,75.0,Wednesday,10,False,3.1
2014-10-23,2.0,0.607,52.0,Thursday,10,False,1.4
2014-10-24,2.0,0.679,84.0,Friday,10,False,3.1
2014-10-25,1.0,0.607,67.0,Saturday,10,False,3.7
2014-10-26,0.0,0.5,43.0,Sunday,10,False,1.1
2014-10-27,3.0,0.571,74.0,Monday,10,False,3.9
2014-10-28,1.0,0.464,35.0,Tuesday,10,False,2.4
2014-10-29,,0.429,44.0,Wednesday,10,False,0.4
2014-10-30,3.0,0.571,88.0,Thursday,10,False,3.3
2014-10-31,1.0,0.607,,Friday,10,False,1.9
2014-11-01,0.0,0.571,55.0,Saturday,11,False,1.0
2014-11-02,0.0,0.607,61.0,Sunday,11,False,1.1
2014-11-03,1.0,0.571,,Monday,11,False,6.1
2014-11-04,,0.679,85.0,Tuesday,11,False,2.3
2014-11-05,2.0,0.643,110.0,Wednesday,11,False,2.5
2014-11-06,3.0,0.714,108.0,Thursday,11,False,3.2
2014-11-07,1.0,0.821,76.0,Friday,11,False,5.2
2014-11-08,0.0,0.821,71.0,Saturday,11,False,3.1
2014-11-09,0.0,0.75,72.0,Sunday,11,False,1.5
2014-11-10,4.0,0.786,103.0,Monday,11,False,4.2
2014-11-11,0.0,0.643,64.0,Tuesday,11,False,1.4
2014-11-12,1.0,0.679,104.0,Wednesday,11,False,7.6
2014-11-13,2.0,0.714,100.0,Thursday,11,False,4.6
2014-11-14,3.0,0.857,124.0,Friday,11,False,
2014-11-15,2.0,0.821,106.0,Saturday,11,False,4.0
2014-11-16,3.0,0.893,114.0,Sunday,11,False,
2014-11-17,3.0,0.964,81.0,Monday,11,False,2.0
2014-11-18,1.0,0.929,73.0,Tuesday,11,False,2.4
2014-11-19,2.0,0.75,119.0,Wednesday,11,False,3.6
2014-11-20,3.0,0.893,,Thursday,11,False,
2014-11-21,0.0,0.893,56.0,Friday,11,False,4.4
2014-11-22,2.0,0.857,92.0,Saturday,11,False,6.0
2014-11-23,2.0,0.857,90.0,Sunday,11,False,7.1
2014-11-24,1.0,0.786,100.0,Monday,11,False,5.7
2014-11-25,1.0,0.714,89.0,Tuesday,11,False,3.0
2014-11-26,0.0,0.786,86.0,Wednesday,11,False,3.9
2014-11-27,2.0,0.821,105.0,Thursday,11,False,1.6
2014-11-28,0.0,0.714,75.0,Friday,11,False,3.5
2014-11-29,1.0,0.714,109.0,Saturday,11,False,2.2
2014-11-30,0.0,0.643,65.0,Sunday,11,False,2.4
2014-12-01,1.0,0.643,103.0,Monday,12,False,2.9
2014-12-02,2.0,0.821,98.0,Tuesday,12,False,3.4
2014-12-03,2.0,0.929,107.0,Wednesday,12,False,4.0
2014-12-04,1.0,0.929,70.0,Thursday,12,False,3.8
2014-12-05,2.0,0.964,101.0,Friday,12,False,6.2
2014-12-06,0.0,0.893,72.0,Saturday,12,False,4.3
2014-12-07,1.0,0.821,,Sunday,12,False,4.5
2014-12-08,1.0,0.857,91.0,Monday,12,False,3.7
2014-12-09,4.0,1.0,107.0,Tuesday,12,False,2.8
2014-12-10,2.0,1.107,101.0,Wednesday,12,False,4.5
2014-12-11,4.0,1.25,127.0,Thursday,12,False,5.0
2014-12-12,3.0,1.286,102.0,Friday,12,False,6.1
2014-12-13,2.0,1.25,105.0,Saturday,12,False,6.3
2014-12-14,1.0,1.25,93.0,Sunday,12,False,4.9
2014-12-15,,1.071,91.0,Monday,12,False,2.2
2014-12-16,1.0,0.964,83.0,Tuesday,12,False,2.5
2014-12-17,2.0,1.071,102.0,Wednesday,12,False,4.2
2014-12-18,0.0,1.036,,Thursday,12,False,3.4
2014-12-19,1.0,0.929,79.0,Friday,12,False,3.3
2014-12-20,1.0,1.0,112.0,Saturday,12,False,5.0
2014-12-21,0.0,0.929,84.0,Sunday,12,False,2.9
2014-12-22,0.0,0.821,77.0,Monday,12,False,1.3
2014-12-23,1.0,0.714,86.0,Tuesday,12,False,3.4
2014-12-24,1.0,0.679,89.0,Wednesday,12,False,3.4
2014-12-25,2.0,0.714,109.0,Thursday,12,True,4.8
2014-12-26,0.0,,85.0,Friday,12,True,3.8
2014-12-27,2.0,0.714,82.0,Saturday,12,False,1.5
2014-12-28,2.0,0.786,89.0,Sunday,12,False,2.6
2014-12-29,0.0,0.643,79.0,Monday,12,False,3.5
2014-12-30,4.0,0.714,104.0,Tuesday,12,False,3.6
2014-12-31,0.0,0.643,85.0,Wednesday,12,False,4.1
2015-01-01,1.0,0.607,108.0,Thursday,1,True,5.2
2015-01-02,3.0,0.821,124.0,Friday,1,False,6.6
2015-01-03,0.0,0.893,72.0,Saturday,1,False,4.9
2015-01-04,1.0,0.893,87.0,Sunday,1,False,3.1
2015-01-05,1.0,0.893,51.0,Monday,1,False,4.5
2015-01-06,2.0,0.929,113.0,Tuesday,1,False,5.2
2015-01-07,0.0,0.786,75.0,Wednesday,1,False,3.7
2015-01-08,1.0,0.643,90.0,Thursday,1,False,1.8
2015-01-09,2.0,0.679,79.0,Friday,1,False,2.1
2015-01-10,1.0,0.643,94.0,Saturday,1,False,2.1
2015-01-11,2.0,0.643,90.0,Sunday,1,False,4.4
2015-01-12,4.0,0.857,103.0,Monday,1,False,3.8
2015-01-13,,0.893,99.0,Tuesday,1,False,4.7
2015-01-14,3.0,1.0,102.0,Wednesday,1,False,3.5
2015-01-15,3.0,1.107,104.0,Thursday,1,False,1.7
2015-01-16,1.0,1.036,97.0,Friday,1,False,1.7
2015-01-17,1.0,0.964,78.0,Saturday,1,False,4.1
2015-01-18,4.0,1.036,83.0,Sunday,1,False,0.8
2015-01-19,1.0,0.964,106.0,Monday,1,False,5.5
2015-01-20,2.0,0.964,107.0,Tuesday,1,False,
2015-01-21,2.0,0.857,99.0,Wednesday,1,False,2.7
2015-01-22,4.0,0.964,118.0,Thursday,1,False,4.1
2015-01-23,1.0,1.0,77.0,Friday,1,False,4.1
2015-01-24,2.0,1.0,,Saturday,1,False,4.4
2015-01-25,1.0,0.929,84.0,Sunday,1,False,3.7
2015-01-26,1.0,0.964,83.0,Monday,1,False,3.7
2015-01-27,4.0,0.857,135.0,Tuesday,1,False,3.8
2015-01-28,,0.786,73.0,Wednesday,1,False,1.8
2015-01-29,0.0,0.643,90.0,Thursday,1,False,3.1
2015-01-30,1.0,0.714,83.0,Friday,1,False,4.8
2015-01-31,0.0,0.643,101.0,Saturday,1,False,5.5
2015-02-01,1.0,0.714,103.0,Sunday,2,False,2.8
2015-02-02,0.0,0.679,77.0,Monday,2,False,4.0
2015-02-03,2.0,0.714,93.0,Tuesday,2,False,3.3
2015-02-04,3.0,0.821,110.0,Wednesday,2,False,3.2
2015-02-05,4.0,0.857,131.0,Thursday,2,False,5.4
2015-02-06,0.0,0.75,89.0,Friday,2,False,3.7
2015-02-07,3.0,0.893,129.0,Saturday,2,False,3.5
2015-02-08,1.0,0.786,81.0,Sunday,2,False,4.1
2015-02-09,3.0,0.893,118.0,Monday,2,False,5.4
2015-02-10,1.0,0.786,100.0,Tuesday,2,False,4.0
2015-02-11,0.0,0.75,89.0,Wednesday,2,False,4.0
2015-02-12,0.0,0.679,,Thursday,2,False,1.7
2015-02-13,1.0,0.679,,Friday,2,False,3.3
2015-02-14,1.0,0.643,,Saturday,2,False,4.0
2015-02-15,1.0,0.607,78.0,Sunday,2,False,0.5
2015-02-16,2.0,0.714,118.0,Monday,2,False,7.1
2015-02-17,2.0,0.786,83.0,Tuesday,2,False,2.6
2015-02-18,0.0,,75.0,Wednesday,2,False,2.0
2015-02-19,0.0,0.679,71.0,Thursday,2,False,2.0
2015-02-20,1.0,0.607,88.0,Friday,2,False,4.6
2015-02-21,1.0,0.643,79.0,Saturday,2,False,4.3
2015-02-22,3.0,0.714,124.0,Sunday,2,False,4.6
2015-02-23,1.0,0.714,97.0,Monday,2,False,4.9
2015-02-24,4.0,0.786,,Tuesday,2,False,6.7
2015-02-25,2.0,0.786,88.0,Wednesday,2,False,4.1
2015-02-26,4.0,1.036,108.0,Thursday,2,False,6.7
2015-02-27,3.0,0.964,93.0,Friday,2,False,3.7
2015-02-28,4.0,1.179,117.0,Saturday,2,False,3.7
2015-03-01,0.0,1.036,93.0,Sunday,3,False,3.0
2015-03-02,0.0,1.071,82.0,Monday,3,False,2.7
2015-03-03,0.0,0.964,81.0,Tuesday,3,False,2.3
2015-03-04,1.0,1.036,95.0,Wednesday,3,False,4.7
2015-03-05,4.0,1.0,130.0,Thursday,3,False,7.2
2015-03-06,0.0,0.964,82.0,Friday,3,False,4.3
2015-03-07,3.0,1.036,107.0,Saturday,3,False,3.7
2015-03-08,,1.107,94.0,Sunday,3,False,3.9
2015-03-09,1.0,1.107,77.0,Monday,3,False,3.0
2015-03-10,3.0,1.071,117.0,Tuesday,3,False,3.9
2015-03-11,3.0,1.107,90.0,Wednesday,3,False,1.6
2015-03-12,0.0,1.036,83.0,Thursday,3,False,4.5
2015-03-13,3.0,0.964,126.0,Friday,3,False,3.5
2015-03-14,1.0,0.929,,Saturday,3,False,3.2
2015-03-15,0.0,0.857,106.0,Sunday,3,False,3.2
2015-03-16,2.0,0.929,100.0,Monday,3,False,3.0
2015-03-17,4.0,1.0,111.0,Tuesday,3,False,4.3
2015-03-18,,0.964,131.0,Wednesday,3,False,4.0
2015-03-19,2.0,1.0,129.0,Thursday,3,False,5.4
2015-03-20,3.0,0.929,92.0,Friday,3,False,3.0
2015-03-21,0.0,0.893,86.0,Saturday,3,False,5.7
2015-03-22,0.0,0.786,75.0,Sunday,3,False,6.2
2015-03-23,2.0,,93.0,Monday,3,False,3.6
2015-03-24,3.0,0.893,104.0,Tuesday,3,False,2.7
2015-03-25,2.0,1.0,140.0,Wednesday,3,False,4.5
2015-03-26,1.0,1.0,93.0,Thursday,3,False,3.4
2015-03-27,3.0,,106.0,Friday,3,False,4.9
2015-03-28,2.0,1.214,88.0,Saturday,3,False,5.5
2015-03-29,2.0,1.143,104.0,Sunday,3,False,5.2
2015-03-30,6.0,1.357,105.0,Monday,3,False,3.9
2015-03-31,5.0,1.393,143.0,Tuesday,3,False,
2015-04-01,2.0,1.357,85.0,Wednesday,4,False,5.6
2015-04-02,0.0,1.179,45.0,Thursday,4,False,1.3
2015-04-03,0.0,1.143,46.0,Friday,4,True,3.3
2015-04-04,1.0,1.071,56.0,Saturday,4,False,2.8
2015-04-05,4.0,1.143,108.0,Sunday,4,True,4.5
2015-04-06,0.0,1.071,59.0,Monday,4,True,1.3
2015-04-07,2.0,1.0,59.0,Tuesday,4,False,1.8
2015-04-08,0.0,0.857,63.0,Wednesday,4,False,3.0
2015-04-09,0.0,0.714,73.0,Thursday,4,False,2.4
2015-04-10,3.0,0.643,69.0,Friday,4,False,2.0
2015-04-11,0.0,0.607,44.0,Saturday,4,False,0.4
2015-04-12,2.0,0.714,73.0,Sunday,4,False,4.7
2015-04-13,3.0,0.786,74.0,Monday,4,False,4.7
2015-04-14,2.0,0.75,87.0,Tuesday,4,False,4.9
2015-04-15,3.0,0.821,81.0,Wednesday,4,False,4.4
2015-04-16,1.0,0.786,51.0,Thursday,4,False,2.8
2015-04-17,1.0,0.786,69.0,Friday,4,False,3.7
2015-04-18,4.0,0.964,103.0,Saturday,4,False,3.9
2015-04-19,0.0,0.893,35.0,Sunday,4,False,1.3
2015-04-20,1.0,0.857,,Monday,4,False,5.1
2015-04-21,1.0,0.75,71.0,Tuesday,4,False,5.2
2015-04-22,0.0,,53.0,Wednesday,4,False,2.7
2015-04-23,0.0,0.75,64.0,Thursday,4,False,4.0
2015-04-24,5.0,0.929,106.0,Friday,4,False,2.6
2015-04-25,3.0,0.964,79.0,Saturday,4,False,3.9
2015-04-26,,0.893,63.0,Sunday,4,False,1.7
2015-04-27,3.0,0.821,98.0,Monday,4,True,5.0
2015-04-28,1.0,0.75,56.0,Tuesday,4,False,2.4
2015-04-29,3.0,0.893,97.0,Wednesday,4,False,5.1
2015-04-30,3.0,0.786,98.0,Thursday,4,False,4.8
2015-05-01,0.0,0.75,65.0,Friday,5,False,1.8
2015-05-02,4.0,0.964,83.0,Saturday,5,False,5.8
2015-05-03,1.0,0.821,41.0,Sunday,5,False,1.0
2015-05-04,2.0,0.821,92.0,Monday,5,False,3.3
2015-05-05,1.0,0.786,75.0,Tuesday,5,True,4.4
2015-05-06,4.0,0.893,90.0,Wednesday,5,False,5.3
2015-05-07,0.0,0.75,54.0,Thursday,5,False,4.4
2015-05-08,0.0,0.714,60.0,Friday,5,False,4.0
2015-05-09,2.0,0.75,71.0,Saturday,5,False,2.1
2015-05-10,3.0,0.857,83.0,Sunday,5,False,1.7
2015-05-11,2.0,1.0,80.0,Monday,5,False,3.4
2015-05-12,2.0,0.964,92.0,Tuesday,5,False,4.5
2015-05-13,4.0,1.0,92.0,Wednesday,5,False,3.8
2015-05-14,0.0,0.786,57.0,Thursday,5,True,1.2
2015-05-15,1.0,0.786,68.0,Friday,5,False,2.1
2015-05-16,1.0,0.643,68.0,Saturday,5,False,2.7
2015-05-17,2.0,0.607,81.0,Sunday,5,False,3.6
2015-05-18,4.0,0.75,92.0,Monday,5,False,3.5
2015-05-19,3.0,0.643,89.0,Tuesday,5,False,2.9
2015-05-20,2.0,0.643,38.0,Wednesday,5,False,1.3
2015-05-21,2.0,0.643,108.0,Thursday,5,False,4.6
2015-05-22,1.0,0.607,77.0,Friday,5,False,1.3
2015-05-23,0.0,0.643,38.0,Saturday,5,False,2.6
2015-05-24,1.0,0.679,79.0,Sunday,5,True,5.0
2015-05-25,0.0,0.607,61.0,Monday,5,True,2.3
2015-05-26,1.0,0.643,69.0,Tuesday,5,False,3.0
2015-05-27,1.0,0.536,,Wednesday,5,False,4.3
2015-05-28,0.0,0.429,62.0,Thursday,5,False,2.9
2015-05-29,1.0,0.429,62.0,Friday,5,False,0.4
2015-05-30,2.0,0.5,57.0,Saturday,5,False,2.8
2015-05-31,0.0,0.429,54.0,Sunday,5,False,2.6
2015-06-01,1.0,0.464,52.0,Monday,6,False,3.3
2015-06-02,2.0,,66.0,Tuesday,6,False,2.5
2015-06-03,1.0,0.464,61.0,Wednesday,6,False,1.9
2015-06-04,1.0,0.536,,Thursday,6,False,3.2
2015-06-05,2.0,0.5,57.0,Friday,6,False,3.1
2015-06-06,1.0,0.571,,Saturday,6,False,2.0
2015-06-07,1.0,0.571,50.0,Sunday,6,False,1.9
2015-06-08,2.0,0.536,46.0,Monday,6,False,2.4
2015-06-09,0.0,0.429,30.0,Tuesday,6,False,1.7
2015-06-10,0.0,0.464,43.0,Wednesday,6,False,2.3
2015-06-11,2.0,0.571,61.0,Thursday,6,False,1.6
2015-06-12,0.0,0.464,41.0,Friday,6,False,2.3
2015-06-13,3.0,0.5,65.0,Saturday,6,False,2.5
2015-06-14,4.0,0.643,99.0,Sunday,6,False,5.8
2015-06-15,0.0,0.607,43.0,Monday,6,False,1.1
2015-06-16,2.0,0.643,64.0,Tuesday,6,False,1.5
2015-06-17,2.0,0.714,77.0,Wednesday,6,False,3.0
2015-06-18,1.0,0.714,58.0,Thursday,6,False,2.9
2015-06-19,4.0,0.821,68.0,Friday,6,False,1.9
2015-06-20,2.0,0.821,74.0,Saturday,6,False,2.3
2015-06-21,4.0,0.964,83.0,Sunday,6,False,4.5
2015-06-22,3.0,1.071,90.0,Monday,6,False,2.6
2015-06-23,2.0,1.071,80.0,Tuesday,6,False,3.9
2015-06-24,3.0,1.179,82.0,Wednesday,6,False,3.2
2015-06-25,3.0,1.179,67.0,Thursday,6,False,3.3
2015-06-26,2.0,0.964,43.0,Friday,6,False,2.2
2015-06-27,3.0,0.929,73.0,Saturday,6,False,2.3
2015-06-28,2.0,0.893,62.0,Sunday,6,False,2.4
2015-06-29,2.0,0.786,49.0,Monday,6,False,1.3
2015-06-30,2.0,0.75,63.0,Tuesday,6,False,2.5
2015-07-01,2.0,0.821,52.0,Wednesday,7,False,
2015-07-02,1.0,0.821,50.0,Thursday,7,False,2.1
2015-07-03,,0.714,55.0,Friday,7,False,0.4
2015-07-04,2.0,0.679,73.0,Saturday,7,False,3.6
2015-07-05,3.0,0.714,52.0,Sunday,7,False,2.5
2015-07-06,3.0,0.929,74.0,Monday,7,False,5.3
2015-07-07,3.0,1.036,74.0,Tuesday,7,False,0.8
2015-07-08,2.0,1.036,88.0,Wednesday,7,False,3.0
2015-07-09,1.0,1.036,54.0,Thursday,7,False,0.6
2015-07-10,3.0,1.036,65.0,Friday,7,False,2.4
2015-07-11,2.0,1.036,41.0,Saturday,7,False,2.3
2015-07-12,3.0,,74.0,Sunday,7,False,1.8
2015-07-13,2.0,1.179,55.0,Monday,7,False,3.3
2015-07-14,1.0,1.071,64.0,Tuesday,7,False,3.4
2015-07-15,1.0,0.893,54.0,Wednesday,7,False,0.9
2015-07-16,1.0,0.857,40.0,Thursday,7,False,0.4
2015-07-17,0.0,0.821,60.0,Friday,7,False,3.2
2015-07-18,0.0,0.75,48.0,Saturday,7,False,2.8
2015-07-19,0.0,0.643,31.0,Sunday,7,False,2.0
2015-07-20,2.0,0.679,63.0,Monday,7,False,2.0
2015-07-21,1.0,0.679,54.0,Tuesday,7,False,2.5
2015-07-22,4.0,0.679,62.0,Wednesday,7,False,
2015-07-23,0.0,0.679,28.0,Thursday,7,False,1.7
2015-07-24,2.0,0.679,68.0,Friday,7,False,2.2
2015-07-25,,0.643,41.0,Saturday,7,False,3.0
2015-07-26,2.0,0.679,72.0,Sunday,7,False,1.6
2015-07-27,3.0,0.714,83.0,Monday,7,False,3.4
2015-07-28,,0.643,40.0,Tuesday,7,False,2.2
2015-07-29,1.0,0.679,40.0,Wednesday,7,False,4.4
2015-07-30,2.0,0.714,49.0,Thursday,7,False,3.0
2015-07-31,0.0,0.643,46.0,Friday,7,False,1.3
2015-08-01,1.0,0.643,66.0,Saturday,8,False,5.9
2015-08-02,2.0,0.643,67.0,Sunday,8,False,3.4
2015-08-03,2.0,0.571,60.0,Monday,8,False,1.9
2015-08-04,1.0,0.571,55.0,Tuesday,8,False,2.8
2015-08-05,0.0,0.607,46.0,Wednesday,8,False,3.5
2015-08-06,0.0,0.5,42.0,Thursday,8,False,3.1
2015-08-07,0.0,0.536,84.0,Friday,8,False,6.1
2015-08-08,3.0,0.643,84.0,Saturday,8,False,4.2
2015-08-09,0.0,0.571,56.0,Sunday,8,False,2.7
2015-08-10,2.0,0.5,56.0,Monday,8,False,4.7
2015-08-11,4.0,0.643,93.0,Tuesday,8,False,4.2
2015-08-12,1.0,0.714,44.0,Wednesday,8,False,1.6
2015-08-13,1.0,0.679,73.0,Thursday,8,False,2.7
2015-08-14,2.0,0.679,64.0,Friday,8,False,
2015-08-15,0.0,0.643,28.0,Saturday,8,False,2.0
2015-08-16,4.0,0.643,91.0,Sunday,8,False,3.0
2015-08-17,2.0,0.679,91.0,Monday,8,False,2.8
2015-08-18,0.0,0.607,42.0,Tuesday,8,False,2.8
2015-08-19,0.0,0.571,40.0,Wednesday,8,False,2.0
2015-08-20,2.0,0.607,68.0,Thursday,8,False,4.4
2015-08-21,1.0,0.571,70.0,Friday,8,False,2.7
2015-08-22,0.0,0.536,49.0,Saturday,8,False,4.5
2015-08-23,2.0,0.536,89.0,Sunday,8,False,2.4
2015-08-24,0.0,0.464,54.0,Monday,8,False,2.2
2015-08-25,1.0,0.536,73.0,Tuesday,8,False,2.7
2015-08-26,1.0,0.571,47.0,Wednesday,8,False,1.8
2015-08-27,1.0,0.5,53.0,Thursday,8,False,3.6
2015-08-28,1.0,0.464,50.0,Friday,8,False,4.1
2015-08-29,1.0,0.464,57.0,Saturday,8,False,3.4
2015-08-30,1.0,0.5,50.0,Sunday,8,False,2.0
2015-08-31,1.0,0.536,69.0,Monday,8,False,1.4
2015-09-01,0.0,0.5,,Tuesday,9,False,5.7
2015-09-02,2.0,0.643,71.0,Wednesday,9,False,3.4
2015-09-03,,0.75,80.0,Thursday,9,False,4.4
2015-09-04,0.0,0.75,53.0,Friday,9,False,1.3
2015-09-05,2.0,0.75,93.0,Saturday,9,False,3.8
2015-09-06,0.0,0.679,53.0,Sunday,9,False,2.4
2015-09-07,1.0,,47.0,Monday,9,False,2.1
2015-09-08,2.0,0.679,90.0,Tuesday,9,False,6.1
2015-09-09,0.0,0.571,60.0,Wednesday,9,False,4.4
2015-09-10,1.0,0.571,54.0,Thursday,9,False,3.6
2015-09-11,2.0,,83.0,Friday,9,False,3.8
2015-09-12,2.0,0.464,76.0,Saturday,9,False,4.1
2015-09-13,0.0,0.429,56.0,Sunday,9,False,3.4
2015-09-14,0.0,0.357,75.0,Monday,9,False,2.3
2015-09-15,0.0,,46.0,Tuesday,9,False,2.7
2015-09-16,3.0,0.464,79.0,Wednesday,9,False,4.2
2015-09-17,2.0,0.571,68.0,Thursday,9,False,3.0
2015-09-18,3.0,0.679,78.0,Friday,9,False,3.5
2015-09-19,1.0,0.714,78.0,Saturday,9,False,4.1
2015-09-20,1.0,0.679,40.0,Sunday,9,False,3.7
2015-09-21,3.0,0.786,101.0,Monday,9,False,6.5
2015-09-22,2.0,0.821,91.0,Tuesday,9,False,2.7
2015-09-23,1.0,0.75,65.0,Wednesday,9,False,3.9
2015-09-24,1.0,0.714,82.0,Thursday,9,False,0.8
2015-09-25,1.0,0.75,80.0,Friday,9,False,1.9
2015-09-26,3.0,0.857,,Saturday,9,False,6.5
2015-09-27,0.0,0.857,41.0,Sunday,9,False,4.1
2015-09-28,1.0,0.786,61.0,Monday,9,False,1.5
2015-09-29,3.0,0.821,102.0,Tuesday,9,False,3.6
2015-09-30,3.0,0.821,98.0,Wednesday,9,False,5.8
2015-10-01,0.0,0.821,63.0,Thursday,10,False,3.7
2015-10-02,4.0,0.929,80.0,Friday,10,False,3.3
2015-10-03,2.0,0.929,95.0,Saturday,10,False,3.7
2015-10-04,0.0,0.893,47.0,Sunday,10,False,2.0
2015-10-05,3.0,0.893,97.0,Monday,10,False,5.5
2015-10-06,2.0,0.821,79.0,Tuesday,10,False,3.1
2015-10-07,2.0,0.821,75.0,Wednesday,10,False,1.9
2015-10-08,1.0,0.821,88.0,Thursday,10,False,3.3
2015-10-09,,0.786,86.0,Friday,10,False,3.5
2015-10-10,3.0,0.929,86.0,Saturday,10,False,2.6
2015-10-11,2.0,1.0,72.0,Sunday,10,False,3.3
2015-10-12,0.0,0.929,61.0,Monday,10,False,3.6
2015-10-13,3.0,1.071,86.0,Tuesday,10,False,3.6
2015-10-14,0.0,1.071,48.0,Wednesday,10,False,3.4
2015-10-15,0.0,1.036,66.0,Thursday,10,False,
2015-10-16,1.0,0.964,77.0,Friday,10,False,3.0
2015-10-17,1.0,0.857,75.0,Saturday,10,False,1.2
2015-10-18,4.0,0.929,83.0,Sunday,10,False,2.9
2015-10-19,1.0,0.929,67.0,Monday,10,False,3.0
2015-10-20,0.0,0.75,77.0,Tuesday,10,False,1.6
2015-10-21,0.0,0.679,79.0,Wednesday,10,False,5.1
2015-10-22,1.0,0.857,71.0,Thursday,10,False,2.3
2015-10-23,3.0,0.893,97.0,Friday,10,False,5.1
2015-10-24,1.0,0.857,72.0,Saturday,10,False,2.4
2015-10-25,1.0,0.786,,Sunday,10,False,3.6
2015-10-26,2.0,0.857,64.0,Monday,10,False,2.4
2015-10-27,0.0,0.75,57.0,Tuesday,10,False,2.7
2015-10-28,2.0,0.821,68.0,Wednesday,10,False,4.1
2015-10-29,5.0,0.893,114.0,Thursday,10,False,4.5
2015-10-30,0.0,0.857,57.0,Friday,10,False,3.6
2015-10-31,0.0,0.75,60.0,Saturday,10,False,2.8
2015-11-01,4.0,0.857,111.0,Sunday,11,False,3.4
2015-11-02,2.0,0.821,105.0,Monday,11,False,5.0
2015-11-03,2.0,0.857,78.0,Tuesday,11,False,5.4
2015-11-04,0.0,0.821,79.0,Wednesday,11,False,3.2
2015-11-05,1.0,0.893,95.0,Thursday,11,False,2.7
2015-11-06,2.0,0.929,77.0,Friday,11,False,2.6
2015-11-07,3.0,0.964,108.0,Saturday,11,False,4.4
2015-11-08,2.0,1.071,108.0,Sunday,11,False,5.1
2015-11-09,0.0,0.893,87.0,Monday,11,False,3.5
2015-11-10,1.0,0.964,100.0,Tuesday,11,False,3.6
2015-11-11,1.0,1.036,82.0,Wednesday,11,False,3.7
2015-11-12,1.0,1.036,101.0,Thursday,11,False,2.2
2015-11-13,1.0,1.036,81.0,Friday,11,False,3.9
2015-11-14,,0.929,90.0,Saturday,11,False,5.5
2015-11-15,3.0,0.929,115.0,Sunday,11,False,6.7
2015-11-16,3.0,1.071,100.0,Monday,11,False,4.7
2015-11-17,1.0,1.143,78.0,Tuesday,11,False,4.4
2015-11-18,2.0,1.214,103.0,Wednesday,11,False,3.9
2015-11-19,1.0,1.286,76.0,Thursday,11,False,2.5
2015-11-20,1.0,,82.0,Friday,11,False,4.0
2015-11-21,3.0,1.357,101.0,Saturday,11,False,3.2
2015-11-22,3.0,1.286,112.0,Sunday,11,False,5.0
2015-11-23,2.0,1.179,110.0,Monday,11,False,3.0
2015-11-24,0.0,0.964,88.0,Tuesday,11,False,4.4
2015-11-25,3.0,0.964,111.0,Wednesday,11,False,4.1
2015-11-26,0.0,0.893,69.0,Thursday,11,False,4.8
2015-11-27,0.0,0.821,69.0,Friday,11,False,3.0
2015-11-28,6.0,0.929,145.0,Saturday,11,False,5.5
2015-11-29,2.0,1.036,87.0,Sunday,11,False,4.6
2015-11-30,1.0,0.893,103.0,Monday,11,False,3.9
2015-12-01,0.0,0.821,81.0,Tuesday,12,False,4.0
2015-12-02,1.0,0.786,,Wednesday,12,False,3.1
2015-12-03,0.0,0.857,86.0,Thursday,12,False,3.6
2015-12-04,1.0,0.75,79.0,Friday,12,False,
2015-12-05,1.0,0.714,90.0,Saturday,12,False,4.0
2015-12-06,2.0,0.714,110.0,Sunday,12,False,5.0
2015-12-07,1.0,0.75,85.0,Monday,12,False,5.1
2015-12-08,0.0,0.607,72.0,Tuesday,12,False,5.5
2015-12-09,1.0,0.536,109.0,Wednesday,12,False,3.9
2015-12-10,3.0,0.643,112.0,Thursday,12,False,5.5
2015-12-11,0.0,0.571,90.0,Friday,12,False,1.8
2015-12-12,2.0,0.607,94.0,Saturday,12,False,3.4
2015-12-13,2.0,0.607,106.0,Sunday,12,False,4.6
2015-12-14,1.0,0.643,79.0,Monday,12,False,1.2
2015-12-15,1.0,0.607,95.0,Tuesday,12,False,4.6
2015-12-16,2.0,0.75,106.0,Wednesday,12,False,4.4
2015-12-17,1.0,0.786,84.0,Thursday,12,False,3.7
2015-12-18,1.0,0.786,91.0,Friday,12,False,3.2
2015-12-19,3.0,0.857,104.0,Saturday,12,False,5.6
2015-12-20,0.0,0.821,62.0,Sunday,12,False,3.9
2015-12-21,1.0,0.857,96.0,Monday,12,False,5.3
2015-12-22,2.0,,100.0,Tuesday,12,False,4.8
2015-12-23,2.0,0.857,105.0,Wednesday,12,False,4.5
2015-12-24,2.0,0.786,88.0,Thursday,12,False,4.4
2015-12-25,0.0,0.821,77.0,Friday,12,True,
2015-12-26,1.0,0.821,93.0,Saturday,12,True,3.8
2015-12-27,0.0,0.679,101.0,Sunday,12,False,3.6
2015-12-28,1.0,0.714,107.0,Monday,12,False,5.4
2015-12-29,0.0,0.679,55.0,Tuesday,12,False,3.6
2015-12-30,1.0,0.714,88.0,Wednesday,12,False,1.1
2015-12-31,0.0,0.679,77.0,Thursday,12,False,3.3
2016-01-01,1.0,0.607,83.0,Friday,1,True,4.8
2016-01-02,3.0,0.5,82.0,Saturday,1,False,3.4
2016-01-03,1.0,0.536,96.0,Sunday,1,False,2.4
2016-01-04,2.0,0.679,97.0,Monday,1,False,4.4
2016-01-05,1.0,,95.0,Tuesday,1,False,4.4
2016-01-06,1.0,0.643,72.0,Wednesday,1,False,3.6
2016-01-07,1.0,0.571,98.0,Thursday,1,False,4.5
2016-01-08,2.0,0.643,95.0,Friday,1,False,4.9
2016-01-09,1.0,0.679,82.0,Saturday,1,False,2.1
2016-01-10,2.0,0.714,103.0,Sunday,1,False,3.9
2016-01-11,2.0,0.75,98.0,Monday,1,False,1.4
2016-01-12,0.0,0.714,78.0,Tuesday,1,False,2.9
2016-01-13,1.0,0.75,78.0,Wednesday,1,False,5.3
2016-01-14,4.0,0.786,95.0,Thursday,1,False,3.9
2016-01-15,0.0,0.643,73.0,Friday,1,False,3.5
2016-01-16,1.0,0.607,106.0,Saturday,1,False,5.8
2016-01-17,3.0,0.75,111.0,Sunday,1,False,5.6
2016-01-18,0.0,0.786,71.0,Monday,1,False,4.5
2016-01-19,1.0,0.75,99.0,Tuesday,1,False,2.6
2016-01-20,1.0,0.75,96.0,Wednesday,1,False,4.7
2016-01-21,2.0,0.75,91.0,Thursday,1,False,3.7
2016-01-22,1.0,0.857,91.0,Friday,1,False,3.1
2016-01-23,5.0,1.0,128.0,Saturday,1,False,5.1
2016-01-24,1.0,1.0,,Sunday,1,False,5.8
2016-01-25,0.0,0.929,73.0,Monday,1,False,6.1
2016-01-26,1.0,0.893,76.0,Tuesday,1,False,2.5
2016-01-27,1.0,0.893,97.0,Wednesday,1,False,3.6
2016-01-28,0.0,0.786,65.0,Thursday,1,False,2.6
2016-01-29,0.0,0.643,83.0,Friday,1,False,2.6
2016-01-30,1.0,0.714,95.0,Saturday,1,False,4.8
2016-01-31,0.0,0.679,71.0,Sunday,1,False,2.6
2016-02-01,2.0,0.714,99.0,Monday,2,False,4.8
2016-02-02,3.0,0.75,108.0,Tuesday,2,False,5.4
2016-02-03,0.0,0.679,75.0,Wednesday,2,False,1.5
2016-02-04,1.0,0.679,101.0,Thursday,2,False,4.7
2016-02-05,2.0,0.75,106.0,Friday,2,False,5.3
2016-02-06,1.0,0.821,95.0,Saturday,2,False,4.0
2016-02-07,1.0,0.857,82.0,Sunday,2,False,3.5
2016-02-08,1.0,0.714,82.0,Monday,2,False,6.2
2016-02-09,0.0,0.643,64.0,Tuesday,2,False,2.3
2016-02-10,0.0,0.643,90.0,Wednesday,2,False,4.4
2016-02-11,1.0,0.607,70.0,Thursday,2,False,1.6
2016-02-12,0.0,0.571,92.0,Friday,2,False,2.1
2016-02-13,0.0,0.536,88.0,Saturday,2,False,2.6
2016-02-14,2.0,0.536,104.0,Sunday,2,False,4.4
2016-02-15,0.0,0.5,80.0,Monday,2,False,4.9
2016-02-16,2.0,0.571,95.0,Tuesday,2,False,5.2
2016-02-17,1.0,0.643,95.0,Wednesday,2,False,2.0
2016-02-18,2.0,0.786,100.0,Thursday,2,False,2.1
2016-02-19,2.0,0.821,102.0,Friday,2,False,4.3
2016-02-20,0.0,0.786,88.0,Saturday,2,False,3.7
2016-02-21,1.0,0.786,76.0,Sunday,2,False,3.4
2016-02-22,,0.821,85.0,Monday,2,False,5.1
2016-02-23,2.0,0.786,101.0,Tuesday,2,False,5.6
2016-02-24,2.0,0.786,107.0,Wednesday,2,False,6.8
2016-02-25,2.0,0.893,101.0,Thursday,2,False,2.5
2016-02-26,1.0,0.857,78.0,Friday,2,False,1.6
2016-02-27,2.0,0.964,108.0,Saturday,2,False,6.4
2016-02-28,0.0,0.964,97.0,Sunday,2,False,3.7
2016-02-29,0.0,0.964,91.0,Monday,2,False,3.9
2016-03-01,2.0,1.071,101.0,Tuesday,3,False,2.9
2016-03-02,2.0,,98.0,Wednesday,3,False,5.9
2016-03-03,3.0,1.036,101.0,Thursday,3,False,1.2
2016-03-04,1.0,0.893,91.0,Friday,3,False,4.1
2016-03-05,2.0,0.857,94.0,Saturday,3,False,2.7
2016-03-06,0.0,0.821,55.0,Sunday,3,False,1.3
2016-03-07,0.0,0.75,72.0,Monday,3,False,3.7
2016-03-08,2.0,,71.0,Tuesday,3,False,2.7
2016-03-09,0.0,0.714,86.0,Wednesday,3,False,4.3
2016-03-10,1.0,0.643,93.0,Thursday,3,False,6.4
2016-03-11,1.0,0.679,75.0,Friday,3,False,4.5
2016-03-12,3.0,0.679,132.0,Saturday,3,False,5.2
2016-03-13,1.0,0.679,85.0,Sunday,3,False,2.5
2016-03-14,1.0,0.607,101.0,Monday,3,False,3.7
2016-03-15,0.0,0.571,79.0,Tuesday,3,False,4.4
2016-03-16,1.0,0.571,115.0,Wednesday,3,False,4.9
2016-03-17,,0.571,109.0,Thursday,3,False,5.8
2016-03-18,1.0,0.643,79.0,Friday,3,False,2.8
2016-03-19,5.0,0.821,134.0,Saturday,3,False,4.3
2016-03-20,0.0,0.75,87.0,Sunday,3,False,4.1
2016-03-21,1.0,0.786,99.0,Monday,3,False,3.9
2016-03-22,0.0,0.786,76.0,Tuesday,3,False,3.2
2016-03-23,4.0,0.857,121.0,Wednesday,3,False,3.7
2016-03-24,0.0,0.821,90.0,Thursday,3,False,3.2
2016-03-25,0.0,0.857,78.0,Friday,3,True,4.2
2016-03-26,2.0,0.857,91.0,Saturday,3,False,2.9
2016-03-27,1.0,0.821,84.0,Sunday,3,True,2.5
2016-03-28,0.0,,78.0,Monday,3,True,2.7
2016-03-29,0.0,,90.0,Tuesday,3,False,2.6
2016-03-30,0.0,0.429,101.0,Wednesday,3,False,5.2
2016-03-31,1.0,0.464,116.0,Thursday,3,False,5.5
2016-04-01,4.0,0.536,84.0,Friday,4,False,2.1
2016-04-02,1.0,0.5,95.0,Saturday,4,False,4.2
2016-04-03,3.0,0.607,78.0,Sunday,4,False,1.4
2016-04-04,1.0,0.679,47.0,Monday,4,False,3.3
2016-04-05,3.0,0.714,93.0,Tuesday,4,False,1.8
2016-04-06,1.0,0.75,59.0,Wednesday,4,False,2.6
2016-04-07,1.0,0.643,57.0,Thursday,4,False,4.4
2016-04-08,2.0,0.679,68.0,Friday,4,False,1.9
2016-04-09,1.0,0.75,79.0,Saturday,4,False,4.5
2016-04-10,3.0,0.821,101.0,Sunday,4,False,4.7
2016-04-11,1.0,0.929,68.0,Monday,4,False,3.9
2016-04-12,1.0,0.786,61.0,Tuesday,4,False,3.3
2016-04-13,1.0,0.786,65.0,Wednesday,4,False,2.7
2016-04-14,1.0,0.679,67.0,Thursday,4,False,3.6
2016-04-15,3.0,0.75,96.0,Friday,4,False,4.8
2016-04-16,0.0,0.5,57.0,Saturday,4,False,2.8
2016-04-17,1.0,0.464,77.0,Sunday,4,False,4.8
2016-04-18,4.0,0.571,112.0,Monday,4,False,7.3
2016-04-19,2.0,0.607,69.0,Tuesday,4,False,3.4
2016-04-20,0.0,0.5,43.0,Wednesday,4,False,5.0
2016-04-21,0.0,0.536,70.0,Thursday,4,False,3.9
2016-04-22,4.0,0.607,82.0,Friday,4,False,5.1
2016-04-23,2.0,0.679,47.0,Saturday,4,False,4.1
2016-04-24,0.0,0.571,45.0,Sunday,4,False,1.9
2016-04-25,4.0,0.75,90.0,Monday,4,False,3.8
2016-04-26,,,74.0,Tuesday,4,False,2.4
2016-04-27,3.0,0.821,85.0,Wednesday,4,True,
2016-04-28,1.0,0.786,74.0,Thursday,4,False,3.1
2016-04-29,3.0,0.786,88.0,Friday,4,False,3.1
2016-04-30,0.0,0.75,57.0,Saturday,4,False,2.5
2016-05-01,,0.75,54.0,Sunday,5,False,4.5
2016-05-02,2.0,0.786,,Monday,5,False,1.6
2016-05-03,3.0,0.786,95.0,Tuesday,5,False,5.4
2016-05-04,3.0,0.821,76.0,Wednesday,5,False,5.1
2016-05-05,3.0,0.929,78.0,Thursday,5,True,4.3
2016-05-06,3.0,,87.0,Friday,5,False,3.8
2016-05-07,3.0,1.0,80.0,Saturday,5,False,4.0
2016-05-08,1.0,0.964,76.0,Sunday,5,False,0.4
2016-05-09,1.0,0.929,89.0,Monday,5,False,6.2
2016-05-10,1.0,0.964,59.0,Tuesday,5,False,3.7
2016-05-11,1.0,1.0,73.0,Wednesday,5,False,1.9
2016-05-12,0.0,0.929,68.0,Thursday,5,False,2.5
2016-05-13,0.0,0.821,62.0,Friday,5,False,4.3
2016-05-14,0.0,0.75,62.0,Saturday,5,False,1.9
2016-05-15,0.0,0.679,35.0,Sunday,5,True,
2016-05-16,0.0,0.571,80.0,Monday,5,True,1.0
2016-05-17,1.0,0.571,,Tuesday,5,False,3.7
2016-05-18,2.0,0.607,77.0,Wednesday,5,False,2.2
2016-05-19,0.0,0.571,39.0,Thursday,5,False,
2016-05-20,1.0,0.536,62.0,Friday,5,False,0.5
2016-05-21,3.0,,90.0,Saturday,5,False,
2016-05-22,0.0,0.571,49.0,Sunday,5,False,4.5
2016-05-23,,0.643,83.0,Monday,5,False,3.9
2016-05-24,2.0,0.75,52.0,Tuesday,5,False,2.8
2016-05-25,2.0,0.786,74.0,Wednesday,5,False,1.9
2016-05-26,1.0,0.75,59.0,Thursday,5,False,1.5
2016-05-27,4.0,0.821,97.0,Friday,5,False,6.4
2016-05-28,0.0,0.786,67.0,Saturday,5,False,2.6
2016-05-29,4.0,0.821,110.0,Sunday,5,False,4.7
2016-05-30,2.0,0.786,72.0,Monday,5,False,1.0
2016-05-31,1.0,0.607,69.0,Tuesday,5,False,
2016-06-01,3.0,0.679,81.0,Wednesday,6,False,2.4
2016-06-02,0.0,0.571,42.0,Thursday,6,False,3.1
2016-06-03,2.0,0.607,38.0,Friday,6,False,2.6
2016-06-04,4.0,0.571,100.0,Saturday,6,False,2.5
2016-06-05,2.0,0.679,,Sunday,6,False,1.8
2016-06-06,3.0,0.714,77.0,Monday,6,False,6.4
2016-06-07,4.0,0.714,93.0,Tuesday,6,False,3.9
2016-06-08,2.0,0.679,57.0,Wednesday,6,False,1.7
2016-06-09,2.0,0.75,70.0,Thursday,6,False,2.8
2016-06-10,3.0,0.75,65.0,Friday,6,False,2.1
2016-06-11,1.0,0.75,31.0,Saturday,6,False,2.3
2016-06-12,3.0,0.857,64.0,Sunday,6,False,1.5
2016-06-13,,0.893,49.0,Monday,6,False,2.0
2016-06-14,1.0,0.929,57.0,Tuesday,6,False,1.1
2016-06-15,3.0,1.036,86.0,Wednesday,6,False,3.9
2016-06-16,0.0,1.036,48.0,Thursday,6,False,1.0
2016-06-17,0.0,0.857,30.0,Friday,6,False,0.6
2016-06-18,0.0,0.893,28.0,Saturday,6,False,2.2
2016-06-19,0.0,0.786,49.0,Sunday,6,False,3.7
2016-06-20,2.0,0.714,65.0,Monday,6,False,3.8
2016-06-21,0.0,0.607,45.0,Tuesday,6,False,1.8
2016-06-22,0.0,0.5,35.0,Wednesday,6,False,2.3
2016-06-23,3.0,0.571,73.0,Thursday,6,False,2.6
2016-06-24,1.0,0.536,72.0,Friday,6,False,1.5
2016-06-25,0.0,0.5,28.0,Saturday,6,False,1.0
2016-06-26,0.0,0.429,33.0,Sunday,6,False,1.2
2016-06-27,2.0,0.464,62.0,Monday,6,False,3.7
2016-06-28,0.0,0.357,28.0,Tuesday,6,False,1.1
2016-06-29,0.0,0.321,64.0,Wednesday,6,False,3.5
2016-06-30,0.0,0.286,53.0,Thursday,6,False,4.8
2016-07-01,1.0,0.286,40.0,Friday,7,False,2.2
2016-07-02,0.0,0.286,39.0,Saturday,7,False,0.4
2016-07-03,0.0,0.286,32.0,Sunday,7,False,0.4
2016-07-04,2.0,0.321,65.0,Monday,7,False,2.5
2016-07-05,1.0,0.357,43.0,Tuesday,7,False,2.2
2016-07-06,1.0,0.393,54.0,Wednesday,7,False,3.8
2016-07-07,2.0,0.429,54.0,Thursday,7,False,3.0
2016-07-08,3.0,0.5,86.0,Friday,7,False,4.1
2016-07-09,1.0,0.464,49.0,Saturday,7,False,3.0
2016-07-10,3.0,0.536,68.0,Sunday,7,False,2.9
2016-07-11,1.0,0.5,28.0,Monday,7,False,3.3
2016-07-12,0.0,0.464,31.0,Tuesday,7,False,1.9
2016-07-13,2.0,0.5,74.0,Wednesday,7,False,3.0
2016-07-14,4.0,0.75,78.0,Thursday,7,False,4.8
2016-07-15,1.0,0.714,35.0,Friday,7,False,0.4
2016-07-16,0.0,0.679,36.0,Saturday,7,False,0.9
2016-07-17,,,63.0,Sunday,7,False,2.9
2016-07-18,2.0,0.643,81.0,Monday,7,False,1.6
2016-07-19,3.0,0.679,86.0,Tuesday,7,False,3.2
2016-07-20,2.0,0.714,49.0,Wednesday,7,False,1.0
2016-07-21,0.0,0.679,67.0,Thursday,7,False,3.5
2016-07-22,0.0,0.571,51.0,Friday,7,False,2.4
2016-07-23,1.0,0.571,37.0,Saturday,7,False,2.5
2016-07-24,3.0,,69.0,Sunday,7,False,4.1
2016-07-25,0.0,0.536,53.0,Monday,7,False,4.0
2016-07-26,1.0,0.536,66.0,Tuesday,7,False,3.4
2016-07-27,2.0,0.571,60.0,Wednesday,7,False,0.7
2016-07-28,5.0,0.786,98.0,Thursday,7,False,2.5
2016-07-29,2.0,,72.0,Friday,7,False,4.0
2016-07-30,1.0,0.786,62.0,Saturday,7,False,2.9
2016-07-31,1.0,0.786,57.0,Sunday,7,False,2.8
2016-08-01,1.0,0.679,68.0,Monday,8,False,0.5
2016-08-02,2.0,0.714,52.0,Tuesday,8,False,4.4
2016-08-03,3.0,0.821,73.0,Wednesday,8,False,0.4
2016-08-04,1.0,0.821,70.0,Thursday,8,False,2.3
2016-08-05,1.0,0.786,29.0,Friday,8,False,2.7
2016-08-06,2.0,0.786,72.0,Saturday,8,False,2.7
2016-08-07,0.0,0.714,52.0,Sunday,8,False,1.2
2016-08-08,1.0,0.679,58.0,Monday,8,False,2.1
2016-08-09,3.0,0.607,88.0,Tuesday,8,False,2.7
2016-08-10,5.0,0.679,83.0,Wednesday,8,False,
2016-08-11,1.0,0.679,47.0,Thursday,8,False,2.0
2016-08-12,0.0,0.607,45.0,Friday,8,False,2.4
2016-08-13,4.0,0.821,79.0,Saturday,8,False,4.6
2016-08-14,1.0,0.821,50.0,Sunday,8,False,4.3
2016-08-15,1.0,0.821,56.0,Monday,8,False,3.1
2016-08-16,2.0,0.893,43.0,Tuesday,8,False,4.5
2016-08-17,3.0,0.964,67.0,Wednesday,8,False,2.1
2016-08-18,1.0,0.964,28.0,Thursday,8,False,2.7
2016-08-19,1.0,0.929,64.0,Friday,8,False,3.1
2016-08-20,,0.821,51.0,Saturday,8,False,3.9
2016-08-21,2.0,0.857,85.0,Sunday,8,False,5.5
2016-08-22,2.0,0.821,83.0,Monday,8,False,1.9
2016-08-23,0.0,0.607,43.0,Tuesday,8,False,2.2
2016-08-24,3.0,0.643,80.0,Wednesday,8,False,3.6
2016-08-25,1.0,0.607,43.0,Thursday,8,False,1.9
2016-08-26,2.0,0.643,47.0,Friday,8,False,2.9
2016-08-27,1.0,0.607,55.0,Saturday,8,False,2.6
2016-08-28,1.0,0.536,38.0,Sunday,8,False,3.1
2016-08-29,1.0,0.536,34.0,Monday,8,False,0.4
2016-08-30,3.0,0.607,68.0,Tuesday,8,False,
2016-08-31,1.0,0.679,68.0,Wednesday,8,False,1.8
2016-09-01,2.0,0.75,72.0,Thursday,9,False,0.7
2016-09-02,0.0,0.679,67.0,Friday,9,False,3.3
2016-09-03,2.0,0.536,69.0,Saturday,9,False,3.5
2016-09-04,1.0,0.679,65.0,Sunday,9,False,1.6
2016-09-05,0.0,0.643,63.0,Monday,9,False,3.1
2016-09-06,2.0,0.643,85.0,Tuesday,9,False,3.3
2016-09-07,2.0,0.607,75.0,Wednesday,9,False,2.0
2016-09-08,0.0,0.571,42.0,Thursday,9,False,
2016-09-09,1.0,0.679,77.0,Friday,9,False,3.6
2016-09-10,2.0,0.75,83.0,Saturday,9,False,3.8
2016-09-11,1.0,0.679,56.0,Sunday,9,False,2.1
2016-09-12,0.0,0.679,50.0,Monday,9,False,2.9
2016-09-13,1.0,0.607,63.0,Tuesday,9,False,1.7
2016-09-14,2.0,0.714,91.0,Wednesday,9,False,4.6
2016-09-15,4.0,0.714,115.0,Thursday,9,False,3.8
2016-09-16,1.0,0.643,74.0,Friday,9,False,4.7
2016-09-17,0.0,0.607,39.0,Saturday,9,False,1.5
2016-09-18,0.0,0.607,57.0,Sunday,9,False,1.8
2016-09-19,0.0,0.5,57.0,Monday,9,False,3.6
2016-09-20,2.0,0.464,87.0,Tuesday,9,False,3.8
2016-09-21,4.0,0.571,107.0,Wednesday,9,False,2.3
2016-09-22,1.0,0.714,71.0,Thursday,9,False,1.9
2016-09-23,1.0,0.714,54.0,Friday,9,False,0.4
2016-09-24,2.0,0.786,72.0,Saturday,9,False,4.4
2016-09-25,1.0,0.821,71.0,Sunday,9,False,2.1
2016-09-26,5.0,0.929,103.0,Monday,9,False,5.2
2016-09-27,0.0,1.0,36.0,Tuesday,9,False,0.5
2016-09-28,0.0,0.821,58.0,Wednesday,9,False,
2016-09-29,4.0,,106.0,Thursday,9,False,3.7
2016-09-30,2.0,0.857,68.0,Friday,9,False,3.6
2016-10-01,1.0,,53.0,Saturday,10,False,1.7
2016-10-02,2.0,0.821,,Sunday,10,False,1.5
2016-10-03,0.0,0.786,74.0,Monday,10,False,3.6
2016-10-04,2.0,0.857,70.0,Tuesday,10,False,3.2
2016-10-05,3.0,0.857,98.0,Wednesday,10,False,3.6
2016-10-06,2.0,0.929,80.0,Thursday,10,False,4.5
2016-10-07,0.0,0.786,65.0,Friday,10,False,1.2
2016-10-08,1.0,0.75,67.0,Saturday,10,False,3.1
2016-10-09,2.0,0.714,65.0,Sunday,10,False,4.8
2016-10-10,2.0,0.679,64.0,Monday,10,False,2.3
2016-10-11,0.0,0.643,48.0,Tuesday,10,False,2.1
2016-10-12,1.0,0.679,60.0,Wednesday,10,False,3.5
2016-10-13,2.0,0.75,84.0,Thursday,10,False,4.2
2016-10-14,1.0,,88.0,Friday,10,False,4.8
2016-10-15,1.0,0.607,54.0,Saturday,10,False,3.3
2016-10-16,2.0,0.536,74.0,Sunday,10,False,3.4
2016-10-17,3.0,0.607,87.0,Monday,10,False,4.5
2016-10-18,1.0,0.571,67.0,Tuesday,10,False,4.0
2016-10-19,1.0,,63.0,Wednesday,10,False,4.5
2016-10-20,3.0,0.464,97.0,Thursday,10,False,6.0
2016-10-21,2.0,0.393,94.0,Friday,10,False,4.0
2016-10-22,1.0,0.536,47.0,Saturday,10,False,3.6
2016-10-23,3.0,0.679,95.0,Sunday,10,False,
2016-10-24,0.0,0.786,37.0,Monday,10,False,2.7
2016-10-25,1.0,0.714,77.0,Tuesday,10,False,2.6
2016-10-26,1.0,0.714,74.0,Wednesday,10,False,3.9
2016-10-27,1.0,0.786,44.0,Thursday,10,False,2.2
2016-10-28,3.0,0.964,59.0,Friday,10,False,1.9
2016-10-29,1.0,,72.0,Saturday,10,False,1.1
2016-10-30,1.0,0.857,74.0,Sunday,10,False,1.6
2016-10-31,2.0,0.821,64.0,Monday,10,False,1.9
2016-11-01,5.0,1.0,131.0,Tuesday,11,False,7.3
2016-11-02,2.0,,104.0,Wednesday,11,False,3.7
2016-11-03,0.0,0.893,84.0,Thursday,11,False,4.9
2016-11-04,1.0,0.857,87.0,Friday,11,False,1.6
2016-11-05,0.0,0.857,97.0,Saturday,11,False,
2016-11-06,0.0,0.786,99.0,Sunday,11,False,4.5
2016-11-07,2.0,0.857,,Monday,11,False,5.2
2016-11-08,0.0,0.75,89.0,Tuesday,11,False,4.2
2016-11-09,1.0,0.75,93.0,Wednesday,11,False,3.9
2016-11-10,5.0,0.893,145.0,Thursday,11,False,5.7
2016-11-11,1.0,0.893,101.0,Friday,11,False,3.7
2016-11-12,1.0,,82.0,Saturday,11,False,5.4
2016-11-13,0.0,0.75,69.0,Sunday,11,False,2.4
2016-11-14,0.0,0.643,83.0,Monday,11,False,4.9
2016-11-15,1.0,0.536,80.0,Tuesday,11,False,3.8
2016-11-16,1.0,0.5,,Wednesday,11,False,1.5
2016-11-17,0.0,0.357,67.0,Thursday,11,False,2.8
2016-11-18,0.0,0.321,70.0,Friday,11,False,2.4
2016-11-19,0.0,0.214,91.0,Saturday,11,False,4.2
2016-11-20,2.0,0.286,98.0,Sunday,11,False,5.9
2016-11-21,3.0,0.393,101.0,Monday,11,False,2.7
2016-11-22,2.0,0.429,98.0,Tuesday,11,False,5.4
2016-11-23,1.0,0.429,79.0,Wednesday,11,False,1.0
2016-11-24,1.0,0.464,96.0,Thursday,11,False,4.4
2016-11-25,0.0,0.5,77.0,Friday,11,False,3.2
2016-11-26,1.0,,89.0,Saturday,11,False,3.0
2016-11-27,0.0,0.643,69.0,Sunday,11,False,1.9
2016-11-28,3.0,0.786,106.0,Monday,11,False,3.7
2016-11-29,1.0,,104.0,Tuesday,11,False,5.5
2016-11-30,0.0,0.786,69.0,Wednesday,11,False,3.3
2016-12-01,2.0,0.786,100.0,Thursday,12,False,3.9
2016-12-02,2.0,0.786,97.0,Friday,12,False,4.4
2016-12-03,4.0,0.929,,Saturday,12,False,4.1
2016-12-04,1.0,0.857,79.0,Sunday,12,False,3.9
2016-12-05,1.0,0.821,90.0,Monday,12,False,3.7
2016-12-06,1.0,0.929,93.0,Tuesday,12,False,3.2
2016-12-07,0.0,0.964,81.0,Wednesday,12,False,2.8
2016-12-08,3.0,0.964,104.0,Thursday,12,False,4.7
2016-12-09,4.0,1.0,113.0,Friday,12,False,7.7
2016-12-10,0.0,0.929,81.0,Saturday,12,False,5.7
2016-12-11,,1.0,94.0,Sunday,12,False,3.3
2016-12-12,1.0,1.036,,Monday,12,False,4.4
2016-12-13,0.0,0.964,68.0,Tuesday,12,False,1.8
2016-12-14,0.0,1.0,74.0,Wednesday,12,False,4.0
2016-12-15,0.0,0.857,87.0,Thursday,12,False,4.1
2016-12-16,2.0,0.821,73.0,Friday,12,False,2.8
2016-12-17,1.0,0.821,81.0,Saturday,12,False,4.4
2016-12-18,2.0,0.75,102.0,Sunday,12,False,4.1
2016-12-19,2.0,0.786,99.0,Monday,12,False,2.3
2016-12-20,0.0,0.75,77.0,Tuesday,12,False,3.6
2016-12-21,,0.714,100.0,Wednesday,12,False,3.3
2016-12-22,2.0,0.75,82.0,Thursday,12,False,4.2
2016-12-23,3.0,0.75,102.0,Friday,12,False,4.5
2016-12-24,3.0,0.75,100.0,Saturday,12,False,2.6
2016-12-25,1.0,0.786,71.0,Sunday,12,True,3.0
2016-12-26,2.0,0.821,85.0,Monday,12,True,4.2
2016-12-27,2.0,0.786,103.0,Tuesday,12,False,4.2
2016-12-28,2.0,0.821,87.0,Wednesday,12,False,2.4
2016-12-29,0.0,0.75,70.0,Thursday,12,False,2.2
2016-12-30,4.0,0.786,108.0,Friday,12,False,3.1
2016-12-31,2.0,0.821,103.0,Saturday,12,False,4.6
2017-01-01,2.0,0.893,83.0,Sunday,1,True,3.4
2017-01-02,2.0,0.857,106.0,Monday,1,False,4.1
2017-01-03,2.0,0.964,80.0,Tuesday,1,False,3.1
2017-01-04,3.0,1.0,114.0,Wednesday,1,False,5.7
2017-01-05,2.0,1.036,105.0,Thursday,1,False,4.2
2017-01-06,2.0,1.107,88.0,Friday,1,False,4.9
2017-01-07,0.0,0.929,81.0,Saturday,1,False,3.2
2017-01-08,3.0,1.071,94.0,Sunday,1,False,4.8
2017-01-09,0.0,1.0,78.0,Monday,1,False,4.6
2017-01-10,3.0,1.107,129.0,Tuesday,1,False,5.2
2017-01-11,2.0,1.107,106.0,Wednesday,1,False,3.1
2017-01-12,2.0,1.25,99.0,Thursday,1,False,6.4
2017-01-13,2.0,1.25,105.0,Friday,1,False,5.7
2017-01-14,1.0,1.214,83.0,Saturday,1,False,4.0
2017-01-15,4.0,1.286,95.0,Sunday,1,False,2.2
2017-01-16,0.0,1.143,58.0,Monday,1,False,0.4
2017-01-17,2.0,1.071,83.0,Tuesday,1,False,2.8
2017-01-18,1.0,0.964,68.0,Wednesday,1,False,4.2
2017-01-19,0.0,0.821,76.0,Thursday,1,False,3.3
2017-01-20,1.0,0.75,94.0,Friday,1,False,1.2
2017-01-21,2.0,0.786,110.0,Saturday,1,False,4.2
2017-01-22,1.0,0.643,76.0,Sunday,1,False,4.9
2017-01-23,0.0,0.679,84.0,Monday,1,False,1.9
2017-01-24,2.0,0.714,105.0,Tuesday,1,False,5.2
2017-01-25,0.0,0.643,96.0,Wednesday,1,False,3.6
2017-01-26,1.0,0.571,85.0,Thursday,1,False,0.7
2017-01-27,4.0,0.786,115.0,Friday,1,False,6.1
2017-01-28,1.0,0.75,60.0,Saturday,1,False,2.4
2017-01-29,2.0,0.821,89.0,Sunday,1,False,3.9
2017-01-30,2.0,0.857,90.0,Monday,1,False,1.8
2017-01-31,0.0,0.857,80.0,Tuesday,1,False,3.4
2017-02-01,2.0,0.786,104.0,Wednesday,2,False,2.3
2017-02-02,0.0,0.571,71.0,Thursday,2,False,4.9
2017-02-03,0.0,0.464,63.0,Friday,2,False,1.2
2017-02-04,,0.607,96.0,Saturday,2,False,5.4
2017-02-05,2.0,0.714,124.0,Sunday,2,False,4.9
2017-02-06,0.0,0.786,82.0,Monday,2,False,2.2
2017-02-07,2.0,0.714,101.0,Tuesday,2,False,4.1
2017-02-08,0.0,0.714,91.0,Wednesday,2,False,2.6
2017-02-09,1.0,0.786,110.0,Thursday,2,False,3.3
2017-02-10,2.0,0.821,84.0,Friday,2,False,2.2
2017-02-11,,0.75,91.0,Saturday,2,False,1.5
2017-02-12,0.0,,87.0,Sunday,2,False,5.5
2017-02-13,2.0,0.679,99.0,Monday,2,False,5.0
2017-02-14,2.0,0.679,88.0,Tuesday,2,False,2.6
2017-02-15,2.0,,99.0,Wednesday,2,False,4.8
2017-02-16,0.0,0.714,83.0,Thursday,2,False,3.9
2017-02-17,,0.714,94.0,Friday,2,False,2.0
2017-02-18,1.0,0.607,112.0,Saturday,2,False,3.4
2017-02-19,2.0,0.714,,Sunday,2,False,3.3
2017-02-20,1.0,0.643,85.0,Monday,2,False,4.9
2017-02-21,3.0,0.679,116.0,Tuesday,2,False,2.7
2017-02-22,1.0,0.679,84.0,Wednesday,2,False,5.5
2017-02-23,4.0,0.857,116.0,Thursday,2,False,
2017-02-24,2.0,0.929,96.0,Friday,2,False,3.3
2017-02-25,2.0,0.964,97.0,Saturday,2,False,
2017-02-26,1.0,0.893,87.0,Sunday,2,False,3.0
2017-02-27,2.0,0.929,85.0,Monday,2,False,5.5
2017-02-28,1.0,0.964,92.0,Tuesday,2,False,6.4
2017-03-01,2.0,1.0,89.0,Wednesday,3,False,2.2
2017-03-02,5.0,1.036,120.0,Thursday,3,False,3.9
2017-03-03,1.0,0.964,,Friday,3,False,4.6
2017-03-04,3.0,1.0,125.0,Saturday,3,False,4.8
2017-03-05,1.0,0.964,87.0,Sunday,3,False,5.4
2017-03-06,1.0,0.964,88.0,Monday,3,False,5.3
2017-03-07,2.0,0.929,97.0,Tuesday,3,False,4.2
2017-03-08,1.0,0.893,80.0,Wednesday,3,False,2.7
2017-03-09,1.0,0.857,61.0,Thursday,3,False,
2017-03-10,0.0,0.821,70.0,Friday,3,False,5.4
2017-03-11,0.0,0.643,87.0,Saturday,3,False,2.9
2017-03-12,0.0,0.75,95.0,Sunday,3,False,2.7
2017-03-13,4.0,0.857,129.0,Monday,3,False,3.9
2017-03-14,2.0,0.964,96.0,Tuesday,3,False,
2017-03-15,0.0,1.0,91.0,Wednesday,3,False,2.8
2017-03-16,1.0,1.036,92.0,Thursday,3,False,3.5
2017-03-17,2.0,1.071,106.0,Friday,3,False,4.0
2017-03-18,1.0,1.036,93.0,Saturday,3,False,1.9
2017-03-19,0.0,,97.0,Sunday,3,False,3.7
2017-03-20,4.0,1.036,114.0,Monday,3,False,3.9
2017-03-21,1.0,1.107,100.0,Tuesday,3,False,4.5
2017-03-22,4.0,1.25,130.0,Wednesday,3,False,4.2
2017-03-23,4.0,1.393,116.0,Thursday,3,False,4.0
2017-03-24,1.0,1.321,70.0,Friday,3,False,2.7
2017-03-25,1.0,1.25,74.0,Saturday,3,False,1.4
2017-03-26,1.0,,84.0,Sunday,3,False,4.8
2017-03-27,0.0,0.893,78.0,Monday,3,False,1.9
2017-03-28,0.0,0.821,89.0,Tuesday,3,False,5.7
2017-03-29,0.0,0.643,82.0,Wednesday,3,False,
2017-03-30,1.0,0.643,97.0,Thursday,3,False,4.1
2017-03-31,1.0,0.607,108.0,Friday,3,False,2.8
2017-04-01,1.0,0.643,65.0,Saturday,4,False,1.2
2017-04-02,,0.536,73.0,Sunday,4,False,4.1
2017-04-03,2.0,0.643,86.0,Monday,4,False,4.0
2017-04-04,2.0,0.75,82.0,Tuesday,4,False,6.5
2017-04-05,3.0,0.821,102.0,Wednesday,4,False,3.7
2017-04-06,0.0,0.714,60.0,Thursday,4,False,3.0
2017-04-07,0.0,0.714,76.0,Friday,4,False,1.6
2017-04-08,2.0,0.75,63.0,Saturday,4,False,3.3
2017-04-09,4.0,0.821,95.0,Sunday,4,False,3.3
2017-04-10,2.0,0.786,81.0,Monday,4,False,3.0
2017-04-11,2.0,0.75,76.0,Tuesday,4,False,2.9
2017-04-12,3.0,0.679,80.0,Wednesday,4,False,
2017-04-13,1.0,0.643,99.0,Thursday,4,False,
2017-04-14,1.0,0.571,80.0,Friday,4,True,3.8
2017-04-15,1.0,0.679,59.0,Saturday,4,False,3.1
2017-04-16,2.0,0.679,70.0,Sunday,4,True,2.1
2017-04-17,0.0,0.607,58.0,Monday,4,True,2.8
2017-04-18,0.0,0.714,,Tuesday,4,False,3.6
2017-04-19,1.0,0.643,75.0,Wednesday,4,False,4.3
2017-04-20,1.0,0.679,84.0,Thursday,4,False,4.1
2017-04-21,1.0,0.75,73.0,Friday,4,False,3.7
2017-04-22,1.0,0.679,67.0,Saturday,4,False,5.0
2017-04-23,1.0,0.643,59.0,Sunday,4,False,2.5
2017-04-24,0.0,0.571,42.0,Monday,4,False,5.0
2017-04-25,2.0,0.536,68.0,Tuesday,4,False,4.5
2017-04-26,4.0,0.714,91.0,Wednesday,4,False,2.8
2017-04-27,1.0,0.75,72.0,Thursday,4,True,3.9
2017-04-28,3.0,0.893,68.0,Friday,4,False,0.6
2017-04-29,,0.786,60.0,Saturday,4,False,0.4
2017-04-30,0.0,0.75,71.0,Sunday,4,False,5.1
2017-05-01,3.0,0.786,93.0,Monday,5,False,3.5
2017-05-02,0.0,0.714,50.0,Tuesday,5,False,1.0
2017-05-03,4.0,0.821,104.0,Wednesday,5,False,5.8
2017-05-04,1.0,0.786,52.0,Thursday,5,False,1.7
2017-05-05,1.0,0.75,60.0,Friday,5,False,3.3
2017-05-06,3.0,0.821,,Saturday,5,False,3.2
2017-05-07,2.0,0.857,80.0,Sunday,5,False,5.1
2017-05-08,4.0,0.929,115.0,Monday,5,False,1.1
2017-05-09,1.0,0.893,62.0,Tuesday,5,False,4.3
2017-05-10,2.0,0.964,82.0,Wednesday,5,False,3.3
2017-05-11,3.0,1.0,105.0,Thursday,5,False,3.8
2017-05-12,0.0,0.964,73.0,Friday,5,False,0.9
2017-05-13,2.0,0.929,80.0,Saturday,5,False,4.2
2017-05-14,2.0,0.893,82.0,Sunday,5,False,3.3
2017-05-15,2.0,1.036,81.0,Monday,5,False,3.6
2017-05-16,2.0,1.036,79.0,Tuesday,5,False,1.5
2017-05-17,3.0,1.0,104.0,Wednesday,5,False,4.3
2017-05-18,1.0,1.0,71.0,Thursday,5,False,4.1
2017-05-19,1.0,0.857,68.0,Friday,5,False,2.1
2017-05-20,1.0,0.893,52.0,Saturday,5,False,2.3
2017-05-21,4.0,0.964,99.0,Sunday,5,False,4.2
2017-05-22,4.0,1.036,111.0,Monday,5,False,5.7
2017-05-23,4.0,1.071,76.0,Tuesday,5,False,1.8
2017-05-24,0.0,1.071,76.0,Wednesday,5,False,2.5
2017-05-25,1.0,0.964,71.0,Thursday,5,True,0.7
2017-05-26,3.0,0.964,91.0,Friday,5,False,3.2
2017-05-27,0.0,0.929,47.0,Saturday,5,False,2.1
2017-05-28,2.0,0.893,84.0,Sunday,5,False,3.3
2017-05-29,0.0,0.786,62.0,Monday,5,False,3.1
2017-05-30,2.0,0.821,97.0,Tuesday,5,False,5.0
2017-05-31,2.0,0.821,75.0,Wednesday,5,False,3.2
2017-06-01,0.0,0.714,37.0,Thursday,6,False,0.4
2017-06-02,1.0,0.607,59.0,Friday,6,False,3.1
2017-06-03,0.0,0.571,39.0,Saturday,6,False,3.2
2017-06-04,1.0,0.536,55.0,Sunday,6,True,2.3
2017-06-05,1.0,0.536,32.0,Monday,6,True,1.6
2017-06-06,2.0,0.643,76.0,Tuesday,6,False,2.0
2017-06-07,3.0,0.679,89.0,Wednesday,6,False,4.2
2017-06-08,3.0,0.75,65.0,Thursday,6,False,0.9
2017-06-09,,0.679,58.0,Friday,6,False,4.1
2017-06-10,2.0,0.786,54.0,Saturday,6,False,3.1
2017-06-11,1.0,0.679,43.0,Sunday,6,False,3.6
2017-06-12,4.0,0.679,62.0,Monday,6,False,4.9
2017-06-13,1.0,0.679,50.0,Tuesday,6,False,4.0
2017-06-14,2.0,0.75,85.0,Wednesday,6,False,4.8
2017-06-15,0.0,0.75,48.0,Thursday,6,False,3.9
2017-06-16,1.0,0.821,47.0,Friday,6,False,2.4
2017-06-17,0.0,0.786,57.0,Saturday,6,False,0.4
2017-06-18,1.0,0.821,50.0,Sunday,6,False,0.9
2017-06-19,3.0,0.857,90.0,Monday,6,False,4.1
2017-06-20,2.0,0.857,56.0,Tuesday,6,False,1.4
2017-06-21,1.0,0.929,56.0,Wednesday,6,False,1.1
2017-06-22,1.0,0.893,67.0,Thursday,6,False,0.9
2017-06-23,2.0,0.929,62.0,Friday,6,False,2.4
2017-06-24,2.0,0.893,49.0,Saturday,6,False,2.4
2017-06-25,0.0,0.75,,Sunday,6,False,1.6
2017-06-26,4.0,0.786,87.0,Monday,6,False,4.8
2017-06-27,1.0,0.786,52.0,Tuesday,6,False,4.5
2017-06-28,3.0,0.786,64.0,Wednesday,6,False,2.8
2017-06-29,1.0,0.75,42.0,Thursday,6,False,3.8
2017-06-30,1.0,0.714,67.0,Friday,6,False,
2017-07-01,4.0,0.893,89.0,Saturday,7,False,2.4
2017-07-02,1.0,0.821,32.0,Sunday,7,False,3.0
2017-07-03,,0.714,47.0,Monday,7,False,2.3
2017-07-04,0.0,0.536,47.0,Tuesday,7,False,2.7
2017-07-05,6.0,0.679,112.0,Wednesday,7,False,4.0
2017-07-06,2.0,0.679,55.0,Thursday,7,False,3.3
2017-07-07,0.0,0.571,,Friday,7,False,1.8
2017-07-08,0.0,0.5,32.0,Saturday,7,False,1.6
2017-07-09,,0.464,44.0,Sunday,7,False,2.6
2017-07-10,2.0,0.571,61.0,Monday,7,False,2.8
2017-07-11,,0.536,79.0,Tuesday,7,False,3.8
2017-07-12,3.0,0.75,71.0,Wednesday,7,False,5.4
2017-07-13,2.0,0.857,75.0,Thursday,7,False,3.5
2017-07-14,0.0,0.821,37.0,Friday,7,False,2.6
2017-07-15,2.0,0.929,84.0,Saturday,7,False,2.7
2017-07-16,1.0,0.857,38.0,Sunday,7,False,1.9
2017-07-17,0.0,0.75,41.0,Monday,7,False,1.3
2017-07-18,1.0,0.571,54.0,Tuesday,7,False,3.7
2017-07-19,0.0,0.464,,Wednesday,7,False,
2017-07-20,0.0,0.464,45.0,Thursday,7,False,2.8
2017-07-21,1.0,0.429,74.0,Friday,7,False,2.7
2017-07-22,2.0,0.571,40.0,Saturday,7,False,1.7
2017-07-23,3.0,0.714,82.0,Sunday,7,False,3.8
2017-07-24,3.0,0.75,69.0,Monday,7,False,1.5
2017-07-25,1.0,0.786,53.0,Tuesday,7,False,2.9
2017-07-26,0.0,0.714,50.0,Wednesday,7,False,2.9
2017-07-27,2.0,0.643,65.0,Thursday,7,False,2.5
2017-07-28,1.0,0.643,42.0,Friday,7,False,2.9
2017-07-29,2.0,0.679,61.0,Saturday,7,False,2.6
2017-07-30,2.0,0.714,79.0,Sunday,7,False,
2017-07-31,0.0,0.679,57.0,Monday,7,False,1.4
2017-08-01,1.0,0.714,57.0,Tuesday,8,False,3.0
2017-08-02,1.0,0.714,61.0,Wednesday,8,False,3.4
2017-08-03,0.0,0.75,32.0,Thursday,8,False,0.5
2017-08-04,2.0,0.714,51.0,Friday,8,False,1.6
2017-08-05,1.0,0.643,59.0,Saturday,8,False,4.2
2017-08-06,2.0,0.679,,Sunday,8,False,
2017-08-07,0.0,0.679,57.0,Monday,8,False,0.4
2017-08-08,1.0,0.536,80.0,Tuesday,8,False,3.8
2017-08-09,0.0,0.536,33.0,Wednesday,8,False,3.4
2017-08-10,2.0,0.571,71.0,Thursday,8,False,3.7
2017-08-11,2.0,0.643,47.0,Friday,8,False,0.4
2017-08-12,0.0,0.607,28.0,Saturday,8,False,2.8
2017-08-13,1.0,0.536,48.0,Sunday,8,False,3.0
2017-08-14,1.0,0.607,45.0,Monday,8,False,2.8
2017-08-15,2.0,0.607,49.0,Tuesday,8,False,1.7
2017-08-16,0.0,0.571,40.0,Wednesday,8,False,0.7
2017-08-17,1.0,0.571,60.0,Thursday,8,False,2.4
2017-08-18,,0.679,30.0,Friday,8,False,1.7
2017-08-19,2.0,0.75,51.0,Saturday,8,False,2.9
2017-08-20,2.0,0.893,45.0,Sunday,8,False,2.4
2017-08-21,2.0,0.893,70.0,Monday,8,False,1.2
2017-08-22,2.0,0.786,67.0,Tuesday,8,False,4.7
2017-08-23,0.0,0.714,41.0,Wednesday,8,False,0.4
2017-08-24,0.0,0.643,62.0,Thursday,8,False,2.5
2017-08-25,0.0,0.714,33.0,Friday,8,False,2.2
2017-08-26,,0.75,38.0,Saturday,8,False,1.9
2017-08-27,4.0,0.857,72.0,Sunday,8,False,3.9
2017-08-28,3.0,0.893,70.0,Monday,8,False,3.1
2017-08-29,2.0,0.857,66.0,Tuesday,8,False,2.2
2017-08-30,1.0,0.786,52.0,Wednesday,8,False,3.8
2017-08-31,1.0,0.821,67.0,Thursday,8,False,3.6
2017-09-01,0.0,0.75,54.0,Friday,9,False,2.4
2017-09-02,1.0,0.714,80.0,Saturday,9,False,3.7
2017-09-03,2.0,0.75,95.0,Sunday,9,False,4.2
2017-09-04,2.0,0.714,81.0,Monday,9,False,3.7
2017-09-05,0.0,0.643,58.0,Tuesday,9,False,2.5
2017-09-06,1.0,0.536,72.0,Wednesday,9,False,5.0
2017-09-07,,0.536,79.0,Thursday,9,False,1.6
2017-09-08,3.0,0.607,65.0,Friday,9,False,2.6
2017-09-09,2.0,0.679,78.0,Saturday,9,False,3.5
2017-09-10,1.0,0.679,69.0,Sunday,9,False,1.9
2017-09-11,2.0,0.786,78.0,Monday,9,False,3.7
2017-09-12,0.0,0.607,67.0,Tuesday,9,False,1.0
2017-09-13,2.0,0.643,69.0,Wednesday,9,False,6.3
2017-09-14,1.0,0.714,82.0,Thursday,9,False,1.6
2017-09-15,1.0,0.714,46.0,Friday,9,False,2.4
2017-09-16,1.0,0.75,69.0,Saturday,9,False,2.5
2017-09-17,0.0,0.679,42.0,Sunday,9,False,3.1
2017-09-18,0.0,0.571,47.0,Monday,9,False,4.4
2017-09-19,2.0,0.571,68.0,Tuesday,9,False,3.2
2017-09-20,0.0,0.464,79.0,Wednesday,9,False,3.2
2017-09-21,0.0,0.429,61.0,Thursday,9,False,1.2
2017-09-22,1.0,0.5,68.0,Friday,9,False,1.9
2017-09-23,2.0,0.643,55.0,Saturday,9,False,0.8
2017-09-24,1.0,0.607,52.0,Sunday,9,False,3.2
2017-09-25,4.0,0.679,106.0,Monday,9,False,4.2
2017-09-26,0.0,0.607,72.0,Tuesday,9,False,3.4
2017-09-27,5.0,0.821,110.0,Wednesday,9,False,5.8
2017-09-28,2.0,0.857,84.0,Thursday,9,False,3.2
2017-09-29,2.0,0.964,74.0,Friday,9,False,3.8
2017-09-30,1.0,1.0,65.0,Saturday,9,False,1.9
2017-10-01,1.0,1.036,69.0,Sunday,10,False,4.5
2017-10-02,1.0,0.964,78.0,Monday,10,False,4.9
2017-10-03,3.0,0.964,74.0,Tuesday,10,False,3.6
2017-10-04,0.0,0.929,42.0,Wednesday,10,False,3.4
2017-10-05,0.0,0.786,52.0,Thursday,10,False,1.7
2017-10-06,0.0,0.679,50.0,Friday,10,False,2.4
2017-10-07,4.0,0.893,96.0,Saturday,10,False,4.4
2017-10-08,2.0,0.821,55.0,Sunday,10,False,0.4
2017-10-09,3.0,0.893,69.0,Monday,10,False,0.8
2017-10-10,0.0,0.821,65.0,Tuesday,10,False,3.6
2017-10-11,0.0,0.714,66.0,Wednesday,10,False,0.4
2017-10-12,0.0,0.679,56.0,Thursday,10,False,2.8
2017-10-13,0.0,0.607,45.0,Friday,10,False,1.0
2017-10-14,3.0,0.571,76.0,Saturday,10,False,3.7
2017-10-15,5.0,0.607,92.0,Sunday,10,False,1.0
2017-10-16,2.0,0.714,73.0,Monday,10,False,3.8
2017-10-17,1.0,0.786,72.0,Tuesday,10,False,4.6
2017-10-18,1.0,0.857,73.0,Wednesday,10,False,4.3
2017-10-19,1.0,0.893,59.0,Thursday,10,False,0.5
2017-10-20,0.0,0.964,47.0,Friday,10,False,0.9
2017-10-21,1.0,0.929,84.0,Saturday,10,False,3.2
2017-10-22,1.0,0.964,52.0,Sunday,10,False,0.6
2017-10-23,0.0,0.786,74.0,Monday,10,False,1.6
2017-10-24,3.0,0.893,87.0,Tuesday,10,False,3.0
2017-10-25,1.0,0.929,66.0,Wednesday,10,False,4.0
2017-10-26,1.0,0.857,62.0,Thursday,10,False,3.9
2017-10-27,2.0,0.964,87.0,Friday,10,False,4.1
2017-10-28,,0.929,85.0,Saturday,10,False,2.5
2017-10-29,1.0,0.857,66.0,Sunday,10,False,0.4
2017-10-30,2.0,0.857,58.0,Monday,10,False,3.4
2017-10-31,1.0,0.857,,Tuesday,10,False,3.2
2017-11-01,1.0,0.893,95.0,Wednesday,11,False,2.3
2017-11-02,0.0,0.75,100.0,Thursday,11,False,4.4
2017-11-03,1.0,0.786,110.0,Friday,11,False,7.4
2017-11-04,1.0,0.786,74.0,Saturday,11,False,1.8
2017-11-05,2.0,0.821,103.0,Sunday,11,False,2.4
2017-11-06,3.0,0.786,127.0,Monday,11,False,4.0
2017-11-07,3.0,0.75,96.0,Tuesday,11,False,4.0
2017-11-08,1.0,0.714,76.0,Wednesday,11,False,2.5
2017-11-09,3.0,0.75,93.0,Thursday,11,False,3.7
2017-11-10,3.0,,134.0,Friday,11,False,5.1
2017-11-11,0.0,0.786,69.0,Saturday,11,False,3.0
2017-11-12,1.0,0.75,99.0,Sunday,11,False,4.0
2017-11-13,2.0,0.75,100.0,Monday,11,False,4.6
2017-11-14,3.0,0.786,119.0,Tuesday,11,False,6.0
2017-11-15,1.0,0.821,82.0,Wednesday,11,False,3.7
2017-11-16,1.0,0.857,79.0,Thursday,11,False,2.8
2017-11-17,0.0,,99.0,Friday,11,False,4.4
2017-11-18,1.0,0.714,81.0,Saturday,11,False,3.2
2017-11-19,,0.75,111.0,Sunday,11,False,4.8
2017-11-20,2.0,0.821,99.0,Monday,11,False,7.2
2017-11-21,1.0,0.786,,Tuesday,11,False,4.5
2017-11-22,0.0,0.821,87.0,Wednesday,11,False,4.0
2017-11-23,0.0,0.75,74.0,Thursday,11,False,2.0
2017-11-24,0.0,0.821,82.0,Friday,11,False,4.8
2017-11-25,,0.821,109.0,Saturday,11,False,5.3
2017-11-26,1.0,0.786,116.0,Sunday,11,False,4.2
2017-11-27,0.0,0.714,77.0,Monday,11,False,3.2
2017-11-28,0.0,0.571,80.0,Tuesday,11,False,0.4
2017-11-29,1.0,0.536,93.0,Wednesday,11,False,2.3
2017-11-30,1.0,0.607,122.0,Thursday,11,False,5.1
2017-12-01,2.0,0.679,85.0,Friday,12,False,3.3
2017-12-02,1.0,0.75,88.0,Saturday,12,False,3.5
2017-12-03,2.0,0.714,109.0,Sunday,12,False,4.2
2017-12-04,2.0,0.857,110.0,Monday,12,False,3.6
2017-12-05,2.0,0.857,120.0,Tuesday,12,False,4.7
2017-12-06,,0.821,74.0,Wednesday,12,False,2.5
2017-12-07,2.0,0.75,89.0,Thursday,12,False,6.4
2017-12-08,4.0,0.893,108.0,Friday,12,False,6.8
2017-12-09,1.0,0.857,78.0,Saturday,12,False,2.8
2017-12-10,4.0,0.929,145.0,Sunday,12,False,4.0
2017-12-11,2.0,0.893,105.0,Monday,12,False,3.9
2017-12-12,1.0,0.857,90.0,Tuesday,12,False,3.5
2017-12-13,0.0,0.786,,Wednesday,12,False,3.8
2017-12-14,1.0,0.75,101.0,Thursday,12,False,3.0
2017-12-15,1.0,0.786,98.0,Friday,12,False,2.7
2017-12-16,1.0,0.643,76.0,Saturday,12,False,
2017-12-17,0.0,0.607,79.0,Sunday,12,False,2.8
2017-12-18,2.0,0.607,117.0,Monday,12,False,4.9
2017-12-19,2.0,0.643,97.0,Tuesday,12,False,2.7
2017-12-20,0.0,0.607,93.0,Wednesday,12,False,1.5
2017-12-21,2.0,0.643,96.0,Thursday,12,False,2.7
2017-12-22,2.0,0.714,109.0,Friday,12,False,2.1
2017-12-23,3.0,0.786,102.0,Saturday,12,False,4.2
2017-12-24,1.0,0.893,95.0,Sunday,12,False,6.4
2017-12-25,2.0,0.929,97.0,Monday,12,True,
2017-12-26,2.0,0.964,99.0,Tuesday,12,True,5.5
2017-12-27,4.0,0.964,131.0,Wednesday,12,False,7.4
2017-12-28,0.0,0.893,70.0,Thursday,12,False,3.3
2017-12-29,2.0,0.893,80.0,Friday,12,False,3.9
2017-12-30,0.0,0.786,102.0,Saturday,12,False,6.2
2017-12-31,3.0,0.893,119.0,Sunday,12,False,5.5
2018-01-01,1.0,0.929,111.0,Monday,1,True,5.8
2018-01-02,2.0,1.071,92.0,Tuesday,1,False,3.0
2018-01-03,0.0,1.0,59.0,Wednesday,1,False,2.4
2018-01-04,4.0,1.143,109.0,Thursday,1,False,4.5
2018-01-05,0.0,1.036,90.0,Friday,1,False,2.1
2018-01-06,1.0,0.929,83.0,Saturday,1,False,4.0
2018-01-07,1.0,0.786,84.0,Sunday,1,False,3.6
2018-01-08,1.0,0.75,71.0,Monday,1,False,1.5
2018-01-09,2.0,0.786,100.0,Tuesday,1,False,3.4
2018-01-10,3.0,0.893,113.0,Wednesday,1,False,4.0
2018-01-11,2.0,0.929,91.0,Thursday,1,False,4.1
2018-01-12,2.0,0.964,106.0,Friday,1,False,4.5
2018-01-13,2.0,1.071,115.0,Saturday,1,False,4.4
2018-01-14,1.0,1.071,94.0,Sunday,1,False,3.9
2018-01-15,3.0,1.107,127.0,Monday,1,False,5.1
2018-01-16,0.0,1.036,85.0,Tuesday,1,False,2.6
2018-01-17,0.0,0.964,71.0,Wednesday,1,False,3.9
2018-01-18,2.0,0.929,75.0,Thursday,1,False,3.9
2018-01-19,3.0,0.964,120.0,Friday,1,False,5.5
2018-01-20,1.0,0.857,103.0,Saturday,1,False,4.5
2018-01-21,0.0,0.857,97.0,Sunday,1,False,3.2
2018-01-22,0.0,0.893,68.0,Monday,1,False,3.5
2018-01-23,3.0,0.929,116.0,Tuesday,1,False,5.2
2018-01-24,1.0,0.893,87.0,Wednesday,1,False,2.1
2018-01-25,1.0,0.714,93.0,Thursday,1,False,1.9
2018-01-26,1.0,0.714,99.0,Friday,1,False,3.3
2018-01-27,2.0,0.786,102.0,Saturday,1,False,7.6
2018-01-28,3.0,0.857,111.0,Sunday,1,False,7.2
2018-01-29,1.0,0.821,80.0,Monday,1,False,2.8
2018-01-30,1.0,0.714,92.0,Tuesday,1,False,2.2
2018-01-31,2.0,0.821,86.0,Wednesday,1,False,4.1
2018-02-01,3.0,0.821,,Thursday,2,False,2.8
2018-02-02,2.0,0.857,88.0,Friday,2,False,3.9
2018-02-03,1.0,0.786,91.0,Saturday,2,False,3.1
2018-02-04,3.0,0.857,114.0,Sunday,2,False,4.0
2018-02-05,,0.857,77.0,Monday,2,False,3.8
2018-02-06,0.0,0.75,83.0,Tuesday,2,False,5.1
2018-02-07,1.0,0.679,58.0,Wednesday,2,False,1.6
2018-02-08,0.0,0.607,78.0,Thursday,2,False,4.6
2018-02-09,2.0,0.679,117.0,Friday,2,False,5.4
2018-02-10,1.0,0.679,90.0,Saturday,2,False,4.4
2018-02-11,1.0,0.75,,Sunday,2,False,4.4
2018-02-12,4.0,0.857,127.0,Monday,2,False,5.6
2018-02-13,3.0,0.929,117.0,Tuesday,2,False,3.2
2018-02-14,0.0,0.929,67.0,Wednesday,2,False,3.6
2018-02-15,2.0,1.036,80.0,Thursday,2,False,5.1
2018-02-16,3.0,1.036,118.0,Friday,2,False,3.5
2018-02-17,3.0,0.964,110.0,Saturday,2,False,5.1
2018-02-18,2.0,1.071,112.0,Sunday,2,False,5.6
2018-02-19,2.0,1.071,,Monday,2,False,4.3
2018-02-20,5.0,1.107,129.0,Tuesday,2,False,4.1
2018-02-21,1.0,1.036,101.0,Wednesday,2,False,
2018-02-22,3.0,1.0,118.0,Thursday,2,False,3.6
2018-02-23,1.0,1.036,80.0,Friday,2,False,3.5
2018-02-24,4.0,1.071,126.0,Saturday,2,False,6.0
2018-02-25,3.0,1.179,122.0,Sunday,2,False,3.9
2018-02-26,0.0,1.036,76.0,Monday,2,False,2.1
2018-02-27,2.0,1.107,93.0,Tuesday,2,False,3.5
2018-02-28,2.0,1.071,103.0,Wednesday,2,False,4.8
2018-03-01,1.0,1.071,93.0,Thursday,3,False,6.0
2018-03-02,1.0,1.071,84.0,Friday,3,False,2.8
2018-03-03,2.0,1.036,103.0,Saturday,3,False,3.8
2018-03-04,0.0,1.0,88.0,Sunday,3,False,2.8
2018-03-05,0.0,0.893,58.0,Monday,3,False,2.0
2018-03-06,3.0,0.821,,Tuesday,3,False,3.7
2018-03-07,0.0,0.786,85.0,Wednesday,3,False,3.0
2018-03-08,3.0,0.786,118.0,Thursday,3,False,4.7
2018-03-09,3.0,0.857,83.0,Friday,3,False,
2018-03-10,0.0,0.786,76.0,Saturday,3,False,3.0
2018-03-11,3.0,0.821,114.0,Sunday,3,False,4.9
2018-03-12,,0.857,86.0,Monday,3,False,3.6
2018-03-13,0.0,0.75,87.0,Tuesday,3,False,4.8
2018-03-14,0.0,0.643,79.0,Wednesday,3,False,2.3
2018-03-15,2.0,0.607,99.0,Thursday,3,False,3.6
2018-03-16,0.0,0.5,66.0,Friday,3,False,3.6
2018-03-17,2.0,0.643,93.0,Saturday,3,False,3.9
2018-03-18,0.0,0.607,87.0,Sunday,3,False,3.9
2018-03-19,2.0,0.679,104.0,Monday,3,False,4.5
2018-03-20,0.0,0.714,98.0,Tuesday,3,False,4.6
2018-03-21,0.0,0.714,93.0,Wednesday,3,False,3.9
2018-03-22,0.0,0.714,78.0,Thursday,3,False,3.5
2018-03-23,2.0,0.714,93.0,Friday,3,False,6.8
2018-03-24,0.0,0.679,57.0,Saturday,3,False,3.4
2018-03-25,0.0,0.536,61.0,Sunday,3,False,3.2
2018-03-26,0.0,0.5,63.0,Monday,3,False,2.9
2018-03-27,2.0,0.571,102.0,Tuesday,3,False,4.4
2018-03-28,0.0,0.607,75.0,Wednesday,3,False,2.7
2018-03-29,0.0,0.536,77.0,Thursday,3,False,3.1
2018-03-30,1.0,0.536,118.0,Friday,3,True,3.0
2018-03-31,0.0,0.536,,Saturday,3,False,2.9
2018-04-01,0.0,0.393,61.0,Sunday,4,True,2.6
2018-04-02,1.0,0.464,51.0,Monday,4,True,2.4
2018-04-03,0.0,0.393,51.0,Tuesday,4,False,2.0
2018-04-04,0.0,0.357,28.0,Wednesday,4,False,2.6
2018-04-05,1.0,0.393,60.0,Thursday,4,False,3.3
2018-04-06,0.0,0.429,47.0,Friday,4,False,0.4
2018-04-07,3.0,0.536,78.0,Saturday,4,False,2.9
2018-04-08,1.0,0.571,52.0,Sunday,4,False,3.5
2018-04-09,,0.607,79.0,Monday,4,False,4.6
2018-04-10,2.0,0.714,71.0,Tuesday,4,False,4.2
2018-04-11,3.0,0.714,87.0,Wednesday,4,False,2.2
2018-04-12,0.0,0.571,64.0,Thursday,4,False,3.8
2018-04-13,2.0,0.643,99.0,Friday,4,False,5.0
2018-04-14,0.0,0.607,44.0,Saturday,4,False,2.2
2018-04-15,1.0,0.643,77.0,Sunday,4,False,4.8
2018-04-16,2.0,0.714,77.0,Monday,4,False,3.3
2018-04-17,2.0,0.821,61.0,Tuesday,4,False,3.5
2018-04-18,3.0,0.821,84.0,Wednesday,4,False,3.1
2018-04-19,3.0,0.929,83.0,Thursday,4,False,2.3
2018-04-20,0.0,0.75,70.0,Friday,4,False,
2018-04-21,2.0,0.643,96.0,Saturday,4,False,5.2
2018-04-22,1.0,0.607,47.0,Sunday,4,False,3.1
2018-04-23,1.0,0.571,58.0,Monday,4,False,2.1
2018-04-24,0.0,0.571,49.0,Tuesday,4,False,2.7
2018-04-25,1.0,0.571,44.0,Wednesday,4,False,0.9
2018-04-26,3.0,0.607,58.0,Thursday,4,False,5.5
2018-04-27,2.0,0.571,70.0,Friday,4,True,3.4
2018-04-28,1.0,0.607,57.0,Saturday,4,False,3.7
2018-04-29,2.0,0.607,81.0,Sunday,4,False,
2018-04-30,1.0,0.536,60.0,Monday,4,False,3.7
2018-05-01,1.0,0.571,78.0,Tuesday,5,False,5.9
2018-05-02,0.0,0.571,46.0,Wednesday,5,False,0.5
2018-05-03,1.0,0.571,,Thursday,5,False,1.5
2018-05-04,4.0,0.643,103.0,Friday,5,False,5.0
2018-05-05,0.0,0.643,62.0,Saturday,5,False,3.6
2018-05-06,1.0,0.643,78.0,Sunday,5,False,3.2
2018-05-07,1.0,0.714,48.0,Monday,5,False,3.0
2018-05-08,0.0,0.679,35.0,Tuesday,5,False,0.5
2018-05-09,2.0,0.571,69.0,Wednesday,5,False,3.1
2018-05-10,0.0,0.429,75.0,Thursday,5,True,1.8
2018-05-11,1.0,0.464,57.0,Friday,5,False,3.7
2018-05-12,1.0,0.5,68.0,Saturday,5,False,5.0
2018-05-13,1.0,0.429,55.0,Sunday,5,False,2.3
2018-05-14,3.0,0.464,112.0,Monday,5,False,3.9
2018-05-15,0.0,0.464,54.0,Tuesday,5,False,2.3
2018-05-16,0.0,0.393,,Wednesday,5,False,3.1
2018-05-17,2.0,0.357,80.0,Thursday,5,False,4.0
2018-05-18,2.0,0.393,85.0,Friday,5,False,3.1
2018-05-19,2.0,0.429,60.0,Saturday,5,False,2.3
2018-05-20,0.0,0.464,38.0,Sunday,5,True,1.9
2018-05-21,3.0,0.536,81.0,Monday,5,True,3.7
2018-05-22,1.0,0.607,72.0,Tuesday,5,False,3.5
2018-05-23,0.0,0.571,56.0,Wednesday,5,False,1.9
2018-05-24,0.0,0.536,78.0,Thursday,5,False,3.1
2018-05-25,0.0,0.607,74.0,Friday,5,False,3.7
2018-05-26,1.0,0.571,81.0,Saturday,5,False,3.5
2018-05-27,2.0,0.643,66.0,Sunday,5,False,4.0
2018-05-28,1.0,0.714,58.0,Monday,5,False,3.1
2018-05-29,1.0,0.679,61.0,Tuesday,5,False,2.0
2018-05-30,2.0,0.714,97.0,Wednesday,5,False,3.3
2018-05-31,2.0,0.786,78.0,Thursday,5,False,2.0
2018-06-01,2.0,0.786,77.0,Friday,6,False,4.6
2018-06-02,2.0,0.893,69.0,Saturday,6,False,3.8
2018-06-03,,0.893,,Sunday,6,False,1.6
2018-06-04,1.0,0.893,69.0,Monday,6,False,3.7
2018-06-05,1.0,0.786,58.0,Tuesday,6,False,4.1
2018-06-06,2.0,0.821,89.0,Wednesday,6,False,0.8
2018-06-07,3.0,0.857,86.0,Thursday,6,False,
2018-06-08,2.0,0.964,55.0,Friday,6,False,1.0
2018-06-09,3.0,0.964,87.0,Saturday,6,False,2.7
2018-06-10,0.0,0.893,42.0,Sunday,6,False,3.8
2018-06-11,2.0,0.786,73.0,Monday,6,False,1.9
2018-06-12,3.0,0.893,69.0,Tuesday,6,False,2.4
2018-06-13,2.0,0.821,68.0,Wednesday,6,False,5.8
2018-06-14,3.0,0.857,82.0,Thursday,6,False,3.2
2018-06-15,0.0,0.857,55.0,Friday,6,False,3.8
2018-06-16,2.0,0.857,43.0,Saturday,6,False,1.2
2018-06-17,4.0,0.929,93.0,Sunday,6,False,1.8
2018-06-18,5.0,0.964,79.0,Monday,6,False,
2018-06-19,1.0,1.036,56.0,Tuesday,6,False,1.4
2018-06-20,1.0,1.143,56.0,Wednesday,6,False,2.8
2018-06-21,3.0,1.036,62.0,Thursday,6,False,3.2
2018-06-22,1.0,0.929,63.0,Friday,6,False,4.4
2018-06-23,3.0,0.893,,Saturday,6,False,1.0
2018-06-24,,0.893,57.0,Sunday,6,False,3.0
2018-06-25,0.0,0.857,34.0,Monday,6,False,0.5
2018-06-26,0.0,0.821,44.0,Tuesday,6,False,0.4
2018-06-27,1.0,0.857,,Wednesday,6,False,
2018-06-28,1.0,0.75,67.0,Thursday,6,False,3.0
2018-06-29,4.0,0.821,56.0,Friday,6,False,3.6
2018-06-30,0.0,0.679,,Saturday,6,False,2.0
2018-07-01,3.0,0.714,66.0,Sunday,7,False,3.3
2018-07-02,0.0,0.714,58.0,Monday,7,False,0.4
2018-07-03,2.0,0.714,59.0,Tuesday,7,False,2.9
2018-07-04,2.0,0.679,56.0,Wednesday,7,False,2.5
2018-07-05,3.0,0.643,93.0,Thursday,7,False,4.2
2018-07-06,1.0,0.5,45.0,Friday,7,False,3.5
2018-07-07,0.0,0.429,57.0,Saturday,7,False,5.3
2018-07-08,2.0,0.536,60.0,Sunday,7,False,3.4
2018-07-09,,0.536,39.0,Monday,7,False,0.4
2018-07-10,1.0,0.571,60.0,Tuesday,7,False,4.7
2018-07-11,1.0,0.571,39.0,Wednesday,7,False,2.3
2018-07-12,1.0,0.607,62.0,Thursday,7,False,0.4
2018-07-13,0.0,0.536,46.0,Friday,7,False,2.0
2018-07-14,0.0,0.429,36.0,Saturday,7,False,1.6
2018-07-15,2.0,0.464,60.0,Sunday,7,False,4.0
2018-07-16,1.0,0.5,58.0,Monday,7,False,2.2
2018-07-17,1.0,0.464,66.0,Tuesday,7,False,5.6
2018-07-18,2.0,0.571,76.0,Wednesday,7,False,
2018-07-19,3.0,0.607,86.0,Thursday,7,False,4.5
2018-07-20,2.0,0.643,70.0,Friday,7,False,3.7
2018-07-21,1.0,0.643,44.0,Saturday,7,False,1.8
2018-07-22,3.0,0.714,67.0,Sunday,7,False,6.8
2018-07-23,2.0,0.714,52.0,Monday,7,False,3.0
2018-07-24,4.0,0.75,87.0,Tuesday,7,False,5.2
2018-07-25,1.0,0.714,56.0,Wednesday,7,False,2.2
2018-07-26,2.0,,59.0,Thursday,7,False,2.3
2018-07-27,2.0,0.857,69.0,Friday,7,False,1.9
2018-07-28,0.0,0.821,33.0,Saturday,7,False,5.3
2018-07-29,2.0,0.893,71.0,Sunday,7,False,5.5
2018-07-30,1.0,0.75,47.0,Monday,7,False,0.4
2018-07-31,1.0,0.75,63.0,Tuesday,7,False,2.8
2018-08-01,1.0,0.75,46.0,Wednesday,8,False,3.1
2018-08-02,4.0,,96.0,Thursday,8,False,3.9
2018-08-03,1.0,0.893,70.0,Friday,8,False,2.4
2018-08-04,1.0,0.821,41.0,Saturday,8,False,1.5
2018-08-05,,0.857,93.0,Sunday,8,False,5.4
2018-08-06,2.0,0.821,59.0,Monday,8,False,1.3
2018-08-07,1.0,0.75,56.0,Tuesday,8,False,0.4
2018-08-08,0.0,0.679,33.0,Wednesday,8,False,1.2
2018-08-09,0.0,0.536,45.0,Thursday,8,False,2.9
2018-08-10,2.0,0.536,58.0,Friday,8,False,3.3
2018-08-11,1.0,0.536,74.0,Saturday,8,False,1.9
2018-08-12,1.0,0.536,46.0,Sunday,8,False,0.8
2018-08-13,2.0,0.607,77.0,Monday,8,False,3.9
2018-08-14,2.0,0.679,56.0,Tuesday,8,False,2.0
2018-08-15,1.0,0.714,46.0,Wednesday,8,False,
2018-08-16,2.0,0.75,69.0,Thursday,8,False,3.3
2018-08-17,4.0,0.786,99.0,Friday,8,False,4.8
2018-08-18,1.0,0.75,39.0,Saturday,8,False,2.4
2018-08-19,,0.75,69.0,Sunday,8,False,
2018-08-20,2.0,0.786,76.0,Monday,8,False,3.7
2018-08-21,2.0,0.786,62.0,Tuesday,8,False,1.4
2018-08-22,2.0,0.714,40.0,Wednesday,8,False,2.2
2018-08-23,0.0,0.643,51.0,Thursday,8,False,4.1
2018-08-24,0.0,0.607,28.0,Friday,8,False,1.4
2018-08-25,2.0,0.607,52.0,Saturday,8,False,3.5
2018-08-26,2.0,0.607,49.0,Sunday,8,False,2.9
2018-08-27,2.0,0.464,42.0,Monday,8,False,0.8
2018-08-28,2.0,0.536,80.0,Tuesday,8,False,1.9
2018-08-29,1.0,0.607,44.0,Wednesday,8,False,2.5
2018-08-30,0.0,0.571,35.0,Thursday,8,False,4.2
2018-08-31,1.0,,55.0,Friday,8,False,3.0
2018-09-01,1.0,0.536,59.0,Saturday,9,False,3.6
2018-09-02,2.0,0.679,92.0,Sunday,9,False,3.1
2018-09-03,1.0,0.643,71.0,Monday,9,False,2.1
2018-09-04,0.0,0.536,74.0,Tuesday,9,False,1.9
2018-09-05,1.0,0.464,60.0,Wednesday,9,False,2.9
2018-09-06,0.0,0.5,55.0,Thursday,9,False,1.5
2018-09-07,3.0,0.536,91.0,Friday,9,False,4.9
2018-09-08,2.0,0.571,84.0,Saturday,9,False,4.6
2018-09-09,3.0,0.643,94.0,Sunday,9,False,5.3
2018-09-10,3.0,0.679,86.0,Monday,9,False,3.6
2018-09-11,0.0,0.679,63.0,Tuesday,9,False,3.2
2018-09-12,3.0,0.821,86.0,Wednesday,9,False,
2018-09-13,1.0,,74.0,Thursday,9,False,3.0
2018-09-14,2.0,0.929,76.0,Friday,9,False,1.8
2018-09-15,1.0,0.75,70.0,Saturday,9,False,1.6
2018-09-16,1.0,0.786,62.0,Sunday,9,False,3.2
2018-09-17,2.0,,94.0,Monday,9,False,2.7
2018-09-18,1.0,0.643,76.0,Tuesday,9,False,3.4
2018-09-19,1.0,0.75,80.0,Wednesday,9,False,5.1
2018-09-20,0.0,0.75,56.0,Thursday,9,False,3.4
2018-09-21,1.0,0.75,75.0,Friday,9,False,4.6
2018-09-22,0.0,0.679,49.0,Saturday,9,False,0.7
2018-09-23,2.0,0.75,84.0,Sunday,9,False,4.7
2018-09-24,0.0,0.786,71.0,Monday,9,False,3.3
2018-09-25,2.0,0.75,64.0,Tuesday,9,False,4.4
2018-09-26,1.0,0.75,55.0,Wednesday,9,False,0.5
2018-09-27,0.0,0.679,62.0,Thursday,9,False,3.2
2018-09-28,2.0,0.679,71.0,Friday,9,False,3.0
2018-09-29,2.0,0.714,72.0,Saturday,9,False,1.7
2018-09-30,1.0,0.75,61.0,Sunday,9,False,4.1
2018-10-01,0.0,0.786,44.0,Monday,10,False,1.2
2018-10-02,1.0,0.786,81.0,Tuesday,10,False,3.1
2018-10-03,1.0,0.857,70.0,Wednesday,10,False,3.3
2018-10-04,1.0,0.786,47.0,Thursday,10,False,3.6
2018-10-05,0.0,0.75,45.0,Friday,10,False,0.7
2018-10-06,2.0,0.714,75.0,Saturday,10,False,5.3
2018-10-07,0.0,0.679,70.0,Sunday,10,False,2.7
2018-10-08,1.0,0.607,61.0,Monday,10,False,3.9
2018-10-09,2.0,0.679,78.0,Tuesday,10,False,0.5
2018-10-10,1.0,0.714,80.0,Wednesday,10,False,2.8
2018-10-11,0.0,0.643,59.0,Thursday,10,False,3.1
2018-10-12,3.0,0.714,83.0,Friday,10,False,3.9
2018-10-13,0.0,0.714,56.0,Saturday,10,False,6.0
2018-10-14,3.0,0.821,88.0,Sunday,10,False,4.0
2018-10-15,1.0,0.821,60.0,Monday,10,False,3.3
2018-10-16,1.0,0.75,85.0,Tuesday,10,False,3.7
2018-10-17,4.0,0.821,87.0,Wednesday,10,False,2.6
2018-10-18,2.0,0.786,84.0,Thursday,10,False,3.5
2018-10-19,0.0,0.714,45.0,Friday,10,False,1.9
2018-10-20,2.0,0.75,,Saturday,10,False,3.5
2018-10-21,0.0,0.643,59.0,Sunday,10,False,2.8
2018-10-22,1.0,0.714,65.0,Monday,10,False,3.2
2018-10-23,1.0,0.714,60.0,Tuesday,10,False,3.4
2018-10-24,1.0,0.714,88.0,Wednesday,10,False,5.3
2018-10-25,0.0,0.607,64.0,Thursday,10,False,4.0
2018-10-26,1.0,0.679,81.0,Friday,10,False,6.0
2018-10-27,0.0,0.607,53.0,Saturday,10,False,2.7
2018-10-28,1.0,0.607,75.0,Sunday,10,False,2.3
2018-10-29,0.0,,46.0,Monday,10,False,1.8
2018-10-30,0.0,0.429,56.0,Tuesday,10,False,3.2
2018-10-31,0.0,0.429,61.0,Wednesday,10,False,1.8
2018-11-01,1.0,0.357,108.0,Thursday,11,False,5.0
2018-11-02,0.0,0.321,68.0,Friday,11,False,5.6
2018-11-03,,0.393,88.0,Saturday,11,False,2.7
2018-11-04,1.0,0.429,96.0,Sunday,11,False,3.7
2018-11-05,0.0,0.5,67.0,Monday,11,False,3.6
2018-11-06,2.0,0.571,100.0,Tuesday,11,False,4.2
2018-11-07,1.0,0.607,87.0,Wednesday,11,False,2.9
2018-11-08,2.0,0.643,111.0,Thursday,11,False,2.7
2018-11-09,1.0,0.607,68.0,Friday,11,False,3.4
2018-11-10,2.0,0.679,97.0,Saturday,11,False,3.0
2018-11-11,2.0,0.786,88.0,Sunday,11,False,2.3
2018-11-12,2.0,,91.0,Monday,11,False,4.7
2018-11-13,1.0,0.857,90.0,Tuesday,11,False,3.6
2018-11-14,2.0,0.857,107.0,Wednesday,11,False,3.4
2018-11-15,,0.786,89.0,Thursday,11,False,4.8
2018-11-16,1.0,0.75,104.0,Friday,11,False,4.5
2018-11-17,1.0,0.714,89.0,Saturday,11,False,2.3
2018-11-18,4.0,0.929,126.0,Sunday,11,False,4.7
2018-11-19,1.0,0.964,110.0,Monday,11,False,4.8
2018-11-20,2.0,0.964,79.0,Tuesday,11,False,3.3
2018-11-21,4.0,1.036,122.0,Wednesday,11,False,3.4
2018-11-22,1.0,0.964,91.0,Thursday,11,False,2.8
2018-11-23,0.0,1.071,90.0,Friday,11,False,4.9
2018-11-24,2.0,1.107,90.0,Saturday,11,False,3.4
2018-11-25,2.0,1.071,110.0,Sunday,11,False,4.0
2018-11-26,2.0,0.893,95.0,Monday,11,False,2.0
2018-11-27,0.0,0.786,91.0,Tuesday,11,False,4.9
2018-11-28,1.0,0.679,94.0,Wednesday,11,False,3.4
2018-11-29,1.0,0.571,70.0,Thursday,11,False,3.3
2018-11-30,1.0,0.464,92.0,Friday,11,False,3.2
2018-12-01,1.0,0.571,85.0,Saturday,12,False,2.6
2018-12-02,1.0,0.571,88.0,Sunday,12,False,5.0
2018-12-03,0.0,0.536,80.0,Monday,12,False,3.2
2018-12-04,0.0,0.464,78.0,Tuesday,12,False,3.2
2018-12-05,1.0,0.5,81.0,Wednesday,12,False,1.8
2018-12-06,0.0,0.536,70.0,Thursday,12,False,4.4
2018-12-07,0.0,0.5,69.0,Friday,12,False,4.0
2018-12-08,2.0,0.536,94.0,Saturday,12,False,4.1
2018-12-09,0.0,0.536,105.0,Sunday,12,False,4.5
2018-12-10,2.0,0.679,108.0,Monday,12,False,7.7
2018-12-11,0.0,0.679,84.0,Tuesday,12,False,2.6
2018-12-12,0.0,0.679,70.0,Wednesday,12,False,2.6
2018-12-13,1.0,0.643,85.0,Thursday,12,False,4.5
2018-12-14,2.0,0.714,97.0,Friday,12,False,1.5
2018-12-15,4.0,0.929,123.0,Saturday,12,False,3.6
2018-12-16,,1.0,99.0,Sunday,12,False,3.0
2018-12-17,2.0,0.964,94.0,Monday,12,False,4.7
2018-12-18,0.0,,108.0,Tuesday,12,False,3.6
2018-12-19,1.0,0.821,105.0,Wednesday,12,False,6.1
2018-12-20,3.0,0.929,115.0,Thursday,12,False,5.5
2018-12-21,3.0,0.893,111.0,Friday,12,False,2.7
2018-12-22,1.0,0.929,99.0,Saturday,12,False,3.8
2018-12-23,1.0,0.929,88.0,Sunday,12,False,4.4
2018-12-24,3.0,0.964,99.0,Monday,12,False,4.2
2018-12-25,1.0,0.821,94.0,Tuesday,12,True,1.5
2018-12-26,2.0,0.857,85.0,Wednesday,12,True,6.1
2018-12-27,,0.929,99.0,Thursday,12,False,5.0
2018-12-28,3.0,1.071,112.0,Friday,12,False,3.3
2018-12-29,0.0,1.0,68.0,Saturday,12,False,2.9
2018-12-30,2.0,1.0,114.0,Sunday,12,False,4.2
2018-12-31,2.0,1.071,100.0,Monday,12,False,4.5
2019-01-01,1.0,1.143,103.0,Tuesday,1,True,4.2
2019-01-02,1.0,1.071,89.0,Wednesday,1,False,1.4
2019-01-03,1.0,1.071,57.0,Thursday,1,False,2.4
2019-01-04,1.0,0.964,94.0,Friday,1,False,1.6
2019-01-05,4.0,1.0,130.0,Saturday,1,False,2.4
2019-01-06,1.0,1.0,98.0,Sunday,1,False,3.4
2019-01-07,3.0,1.036,109.0,Monday,1,False,2.9
2019-01-08,1.0,1.0,70.0,Tuesday,1,False,3.5
2019-01-09,1.0,,75.0,Wednesday,1,False,4.4
2019-01-10,0.0,0.714,72.0,Thursday,1,False,3.0
2019-01-11,3.0,0.75,97.0,Friday,1,False,4.4
2019-01-12,4.0,0.893,93.0,Saturday,1,False,1.8
2019-01-13,1.0,0.821,102.0,Sunday,1,False,5.2
2019-01-14,2.0,0.893,107.0,Monday,1,False,4.4
2019-01-15,3.0,0.929,118.0,Tuesday,1,False,5.5
2019-01-16,1.0,0.857,104.0,Wednesday,1,False,5.2
2019-01-17,1.0,0.821,96.0,Thursday,1,False,4.9
2019-01-18,1.0,0.857,104.0,Friday,1,False,3.3
2019-01-19,2.0,0.786,103.0,Saturday,1,False,4.4
2019-01-20,0.0,0.75,58.0,Sunday,1,False,3.3
2019-01-21,2.0,0.786,115.0,Monday,1,False,6.8
2019-01-22,2.0,0.893,105.0,Tuesday,1,False,2.7
2019-01-23,1.0,0.929,70.0,Wednesday,1,False,3.8
2019-01-24,1.0,0.893,98.0,Thursday,1,False,3.5
2019-01-25,,1.071,108.0,Friday,1,False,5.5
2019-01-26,4.0,1.179,134.0,Saturday,1,False,4.3
2019-01-27,0.0,1.214,66.0,Sunday,1,False,3.8
2019-01-28,2.0,1.25,113.0,Monday,1,False,4.7
2019-01-29,0.0,1.036,79.0,Tuesday,1,False,4.4
2019-01-30,0.0,1.0,81.0,Wednesday,1,False,3.3
2019-01-31,1.0,1.036,83.0,Thursday,1,False,3.4
2019-02-01,1.0,0.964,99.0,Friday,2,False,3.8
2019-02-02,0.0,0.929,83.0,Saturday,2,False,4.1
2019-02-03,2.0,0.857,103.0,Sunday,2,False,3.5
2019-02-04,2.0,0.893,100.0,Monday,2,False,3.9
2019-02-05,1.0,0.821,104.0,Tuesday,2,False,3.6
2019-02-06,2.0,0.821,76.0,Wednesday,2,False,1.3
2019-02-07,1.0,0.786,100.0,Thursday,2,False,3.1
2019-02-08,2.0,0.821,114.0,Friday,2,False,6.2
2019-02-09,1.0,0.821,79.0,Saturday,2,False,3.0
2019-02-10,2.0,0.857,80.0,Sunday,2,False,5.1
2019-02-11,3.0,0.964,101.0,Monday,2,False,3.1
2019-02-12,3.0,1.0,117.0,Tuesday,2,False,6.1
2019-02-13,1.0,0.929,95.0,Wednesday,2,False,3.8
2019-02-14,2.0,1.0,90.0,Thursday,2,False,5.1
2019-02-15,2.0,1.0,96.0,Friday,2,False,3.9
2019-02-16,3.0,1.036,121.0,Saturday,2,False,5.7
2019-02-17,2.0,1.0,101.0,Sunday,2,False,2.2
2019-02-18,1.0,0.964,92.0,Monday,2,False,5.6
2019-02-19,1.0,0.929,77.0,Tuesday,2,False,2.3
2019-02-20,1.0,1.0,74.0,Wednesday,2,False,4.5
2019-02-21,3.0,1.071,97.0,Thursday,2,False,2.2
2019-02-22,2.0,1.107,91.0,Friday,2,False,3.0
2019-02-23,0.0,1.107,77.0,Saturday,2,False,1.9
2019-02-24,,1.107,112.0,Sunday,2,False,4.4
2019-02-25,2.0,1.179,124.0,Monday,2,False,4.7
2019-02-26,1.0,1.071,94.0,Tuesday,2,False,
2019-02-27,,0.964,74.0,Wednesday,2,False,4.8
2019-02-28,0.0,0.893,77.0,Thursday,2,False,4.4
2019-03-01,3.0,0.929,92.0,Friday,3,False,2.7
2019-03-02,2.0,0.929,94.0,Saturday,3,False,3.4
2019-03-03,2.0,0.964,111.0,Sunday,3,False,3.6
2019-03-04,3.0,1.036,125.0,Monday,3,False,5.5
2019-03-05,2.0,1.036,85.0,Tuesday,3,False,2.7
2019-03-06,1.0,0.929,80.0,Wednesday,3,False,4.8
2019-03-07,2.0,0.929,95.0,Thursday,3,False,4.5
2019-03-08,,,,Friday,3,False,3.9
2019-03-09,0.0,0.75,92.0,Saturday,3,False,3.8
2019-03-10,1.0,0.679,84.0,Sunday,3,False,4.7
2019-03-11,4.0,0.786,124.0,Monday,3,False,6.5
2019-03-12,1.0,0.857,65.0,Tuesday,3,False,2.9
2019-03-13,0.0,0.75,87.0,Wednesday,3,False,3.1
2019-03-14,3.0,0.821,106.0,Thursday,3,False,4.5
2019-03-15,1.0,0.893,101.0,Friday,3,False,3.6
2019-03-16,1.0,0.929,102.0,Saturday,3,False,6.0
2019-03-17,0.0,0.929,75.0,Sunday,3,False,4.7
2019-03-18,0.0,0.893,91.0,Monday,3,False,4.2
2019-03-19,1.0,0.964,84.0,Tuesday,3,False,3.0
2019-03-20,1.0,0.893,77.0,Wednesday,3,False,3.0
2019-03-21,4.0,0.929,119.0,Thursday,3,False,4.7
2019-03-22,1.0,0.929,104.0,Friday,3,False,2.9
2019-03-23,2.0,0.964,90.0,Saturday,3,False,4.6
2019-03-24,1.0,0.964,76.0,Sunday,3,False,6.7
2019-03-25,2.0,0.964,119.0,Monday,3,False,1.8
2019-03-26,1.0,0.929,81.0,Tuesday,3,False,4.0
2019-03-27,0.0,0.786,84.0,Wednesday,3,False,4.7
2019-03-28,3.0,,105.0,Thursday,3,False,5.3
2019-03-29,5.0,0.964,138.0,Friday,3,False,3.2
2019-03-30,4.0,1.107,141.0,Saturday,3,False,6.1
2019-03-31,2.0,1.107,98.0,Sunday,3,False,3.8
2019-04-01,,1.036,94.0,Monday,4,False,6.2
2019-04-02,1.0,1.071,58.0,Tuesday,4,False,
2019-04-03,3.0,1.143,75.0,Wednesday,4,False,3.0
2019-04-04,0.0,1.071,47.0,Thursday,4,False,1.8
2019-04-05,1.0,1.071,70.0,Friday,4,False,
2019-04-06,2.0,1.143,104.0,Saturday,4,False,4.2
2019-04-07,,1.179,89.0,Sunday,4,False,2.1
2019-04-08,0.0,1.0,50.0,Monday,4,False,1.1
2019-04-09,0.0,0.929,65.0,Tuesday,4,False,1.4
2019-04-10,1.0,0.821,54.0,Wednesday,4,False,2.9
2019-04-11,1.0,0.714,65.0,Thursday,4,False,3.5
2019-04-12,1.0,0.679,84.0,Friday,4,False,3.7
2019-04-13,4.0,0.643,75.0,Saturday,4,False,2.2
2019-04-14,1.0,0.643,66.0,Sunday,4,False,2.6
2019-04-15,,0.607,53.0,Monday,4,False,3.0
2019-04-16,1.0,0.5,69.0,Tuesday,4,False,2.2
2019-04-17,1.0,0.5,80.0,Wednesday,4,False,2.2
2019-04-18,0.0,0.429,42.0,Thursday,4,False,2.3
2019-04-19,1.0,0.5,55.0,Friday,4,True,4.6
2019-04-20,,0.536,83.0,Saturday,4,False,5.6
2019-04-21,0.0,0.464,52.0,Sunday,4,True,3.6
2019-04-22,2.0,0.536,72.0,Monday,4,True,4.2
2019-04-23,2.0,0.607,79.0,Tuesday,4,False,5.3
2019-04-24,6.0,0.75,112.0,Wednesday,4,False,4.3
2019-04-25,4.0,0.714,91.0,Thursday,4,False,4.4
2019-04-26,0.0,0.679,71.0,Friday,4,False,5.0
2019-04-27,1.0,0.643,60.0,Saturday,4,True,1.7
2019-04-28,7.0,0.786,121.0,Sunday,4,False,1.3
2019-04-29,0.0,0.786,47.0,Monday,4,False,2.4
2019-04-30,1.0,0.786,86.0,Tuesday,4,False,4.3
2019-05-01,4.0,0.964,89.0,Wednesday,5,False,4.5
2019-05-02,1.0,0.893,71.0,Thursday,5,False,5.2
2019-05-03,2.0,0.857,57.0,Friday,5,False,2.9
2019-05-04,2.0,0.893,71.0,Saturday,5,False,5.8
2019-05-05,1.0,0.786,47.0,Sunday,5,False,2.1
2019-05-06,1.0,0.75,50.0,Monday,5,False,1.7
2019-05-07,4.0,0.75,94.0,Tuesday,5,False,4.2
2019-05-08,1.0,0.714,63.0,Wednesday,5,False,2.5
2019-05-09,,0.679,60.0,Thursday,5,False,2.9
2019-05-10,3.0,0.714,91.0,Friday,5,False,5.0
2019-05-11,3.0,0.821,93.0,Saturday,5,False,4.6
2019-05-12,0.0,0.643,87.0,Sunday,5,False,4.3
2019-05-13,1.0,0.571,70.0,Monday,5,False,3.5
2019-05-14,3.0,0.714,95.0,Tuesday,5,False,2.4
2019-05-15,1.0,0.679,74.0,Wednesday,5,False,4.3
2019-05-16,1.0,0.607,64.0,Thursday,5,False,3.2
2019-05-17,0.0,0.571,63.0,Friday,5,False,1.1
2019-05-18,3.0,0.75,84.0,Saturday,5,False,4.0
2019-05-19,1.0,0.679,76.0,Sunday,5,False,4.8
2019-05-20,1.0,0.679,73.0,Monday,5,False,1.6
2019-05-21,1.0,0.679,58.0,Tuesday,5,False,3.7
2019-05-22,1.0,0.75,65.0,Wednesday,5,False,3.1
2019-05-23,1.0,0.607,48.0,Thursday,5,False,2.0
2019-05-24,0.0,0.536,,Friday,5,False,1.1
2019-05-25,4.0,0.679,100.0,Saturday,5,False,2.9
2019-05-26,2.0,0.821,72.0,Sunday,5,False,5.0
2019-05-27,4.0,1.0,89.0,Monday,5,False,3.6
2019-05-28,1.0,,77.0,Tuesday,5,False,3.1
2019-05-29,1.0,0.893,60.0,Wednesday,5,False,4.0
2019-05-30,0.0,0.857,55.0,Thursday,5,True,2.9
2019-05-31,0.0,0.75,44.0,Friday,5,False,0.4
2019-06-01,2.0,0.714,59.0,Saturday,6,False,2.9
2019-06-02,1.0,0.75,72.0,Sunday,6,False,2.8
2019-06-03,1.0,0.714,53.0,Monday,6,False,2.3
2019-06-04,2.0,0.679,82.0,Tuesday,6,False,3.1
2019-06-05,2.0,0.75,58.0,Wednesday,6,False,0.8
2019-06-06,1.0,0.679,33.0,Thursday,6,False,2.2
2019-06-07,1.0,0.75,41.0,Friday,6,False,0.4
2019-06-08,1.0,0.75,61.0,Saturday,6,False,2.6
2019-06-09,0.0,0.643,58.0,Sunday,6,True,3.0
2019-06-10,1.0,0.643,48.0,Monday,6,True,1.7
2019-06-11,0.0,0.5,34.0,Tuesday,6,False,2.3
2019-06-12,3.0,0.607,83.0,Wednesday,6,False,2.4
2019-06-13,3.0,0.643,64.0,Thursday,6,False,3.5
2019-06-14,3.0,0.643,,Friday,6,False,3.9
2019-06-15,0.0,0.607,48.0,Saturday,6,False,1.8
2019-06-16,0.0,,28.0,Sunday,6,False,3.0
2019-06-17,2.0,0.714,61.0,Monday,6,False,4.5
2019-06-18,2.0,0.786,46.0,Tuesday,6,False,0.4
2019-06-19,1.0,0.893,62.0,Wednesday,6,False,
2019-06-20,0.0,0.786,43.0,Thursday,6,False,0.4
2019-06-21,0.0,0.714,28.0,Friday,6,False,0.4
2019-06-22,2.0,0.75,67.0,Saturday,6,False,2.5
2019-06-23,2.0,0.786,56.0,Sunday,6,False,0.8
2019-06-24,2.0,0.821,77.0,Monday,6,False,2.6
2019-06-25,1.0,0.786,59.0,Tuesday,6,False,2.5
2019-06-26,0.0,0.643,47.0,Wednesday,6,False,3.7
2019-06-27,3.0,0.75,73.0,Thursday,6,False,5.0
2019-06-28,,0.893,98.0,Friday,6,False,
2019-06-29,2.0,1.0,56.0,Saturday,6,False,4.6
2019-06-30,2.0,1.071,68.0,Sunday,6,False,2.7
2019-07-01,1.0,1.0,61.0,Monday,7,False,3.0
2019-07-02,2.0,1.071,69.0,Tuesday,7,False,1.6
2019-07-03,0.0,0.893,62.0,Wednesday,7,False,3.1
2019-07-04,0.0,0.821,44.0,Thursday,7,False,3.0
2019-07-05,0.0,,30.0,Friday,7,False,2.1
2019-07-06,0.0,0.643,28.0,Saturday,7,False,1.2
2019-07-07,2.0,0.643,61.0,Sunday,7,False,1.6
2019-07-08,2.0,0.607,59.0,Monday,7,False,0.5
2019-07-09,2.0,0.75,56.0,Tuesday,7,False,4.5
2019-07-10,3.0,0.786,98.0,Wednesday,7,False,3.0
2019-07-11,4.0,0.857,86.0,Thursday,7,False,3.6
2019-07-12,1.0,1.0,,Friday,7,False,4.5
2019-07-13,2.0,0.929,41.0,Saturday,7,False,2.4
2019-07-14,1.0,1.036,53.0,Sunday,7,False,2.8
2019-07-15,2.0,1.036,104.0,Monday,7,False,4.5
2019-07-16,2.0,1.0,66.0,Tuesday,7,False,3.5
2019-07-17,2.0,0.893,63.0,Wednesday,7,False,3.3
2019-07-18,0.0,0.75,47.0,Thursday,7,False,3.8
2019-07-19,2.0,0.643,69.0,Friday,7,False,3.9
2019-07-20,1.0,0.75,51.0,Saturday,7,False,2.4
2019-07-21,0.0,0.643,38.0,Sunday,7,False,3.9
2019-07-22,4.0,0.607,78.0,Monday,7,False,3.1
2019-07-23,0.0,0.571,39.0,Tuesday,7,False,4.2
2019-07-24,2.0,0.571,42.0,Wednesday,7,False,2.6
2019-07-25,2.0,0.643,35.0,Thursday,7,False,1.0
2019-07-26,0.0,0.643,,Friday,7,False,4.3
2019-07-27,3.0,0.607,77.0,Saturday,7,False,3.5
2019-07-28,1.0,0.571,70.0,Sunday,7,False,4.9
2019-07-29,2.0,0.607,78.0,Monday,7,False,2.7
2019-07-30,2.0,0.643,53.0,Tuesday,7,False,2.5
2019-07-31,2.0,0.607,40.0,Wednesday,7,False,0.7
2019-08-01,2.0,0.607,64.0,Thursday,8,False,1.7
2019-08-02,0.0,0.607,46.0,Friday,8,False,1.3
2019-08-03,1.0,0.536,44.0,Saturday,8,False,3.1
2019-08-04,2.0,0.607,51.0,Sunday,8,False,2.8
2019-08-05,1.0,0.571,42.0,Monday,8,False,1.0
2019-08-06,2.0,,76.0,Tuesday,8,False,2.4
2019-08-07,1.0,0.607,48.0,Wednesday,8,False,0.9
2019-08-08,1.0,0.679,38.0,Thursday,8,False,2.4
2019-08-09,1.0,0.714,59.0,Friday,8,False,0.4
2019-08-10,2.0,0.679,43.0,Saturday,8,False,0.4
2019-08-11,0.0,0.643,28.0,Sunday,8,False,0.4
2019-08-12,0.0,0.571,62.0,Monday,8,False,3.6
2019-08-13,0.0,0.464,35.0,Tuesday,8,False,1.6
2019-08-14,4.0,0.607,62.0,Wednesday,8,False,0.4
2019-08-15,1.0,0.5,36.0,Thursday,8,False,1.6
2019-08-16,1.0,0.536,67.0,Friday,8,False,1.7
2019-08-17,0.0,0.536,,Saturday,8,False,1.7
2019-08-18,2.0,0.536,60.0,Sunday,8,False,2.2
2019-08-19,2.0,0.571,65.0,Monday,8,False,2.3
2019-08-20,0.0,0.536,39.0,Tuesday,8,False,0.8
2019-08-21,2.0,0.607,56.0,Wednesday,8,False,2.5
2019-08-22,2.0,0.607,93.0,Thursday,8,False,5.0
2019-08-23,1.0,0.571,82.0,Friday,8,False,0.9
2019-08-24,1.0,0.607,,Saturday,8,False,0.9
2019-08-25,1.0,0.536,33.0,Sunday,8,False,2.5
2019-08-26,1.0,0.536,64.0,Monday,8,False,1.6
2019-08-27,3.0,0.607,81.0,Tuesday,8,False,3.5
2019-08-28,0.0,0.571,60.0,Wednesday,8,False,3.8
2019-08-29,2.0,0.536,74.0,Thursday,8,False,1.6
2019-08-30,1.0,0.536,49.0,Friday,8,False,2.9
2019-08-31,2.0,0.571,78.0,Saturday,8,False,7.0
2019-09-01,4.0,0.714,90.0,Sunday,9,False,2.3
2019-09-02,1.0,,69.0,Monday,9,False,0.6
2019-09-03,0.0,0.964,48.0,Tuesday,9,False,3.7
2019-09-04,3.0,1.071,83.0,Wednesday,9,False,4.3
2019-09-05,1.0,1.143,59.0,Thursday,9,False,3.1
2019-09-06,1.0,1.107,85.0,Friday,9,False,2.9
2019-09-07,1.0,,58.0,Saturday,9,False,4.5
2019-09-08,2.0,1.071,67.0,Sunday,9,False,1.8
2019-09-09,1.0,1.0,,Monday,9,False,1.9
2019-09-10,1.0,1.0,60.0,Tuesday,9,False,1.3
2019-09-11,0.0,0.857,40.0,Wednesday,9,False,0.4
2019-09-12,0.0,0.75,84.0,Thursday,9,False,
2019-09-13,2.0,0.679,60.0,Friday,9,False,3.1
2019-09-14,1.0,0.643,65.0,Saturday,9,False,4.3
2019-09-15,4.0,0.714,72.0,Sunday,9,False,4.3
2019-09-16,0.0,0.714,81.0,Monday,9,False,
2019-09-17,0.0,0.643,47.0,Tuesday,9,False,1.7
2019-09-18,1.0,0.571,53.0,Wednesday,9,False,4.6
2019-09-19,5.0,0.643,94.0,Thursday,9,False,3.2
2019-09-20,2.0,0.607,83.0,Friday,9,False,3.7
2019-09-21,4.0,,93.0,Saturday,9,False,5.3
2019-09-22,3.0,0.857,83.0,Sunday,9,False,3.6
2019-09-23,,0.929,83.0,Monday,9,False,3.7
2019-09-24,1.0,0.786,52.0,Tuesday,9,False,1.5
2019-09-25,1.0,0.75,70.0,Wednesday,9,False,2.3
2019-09-26,4.0,0.786,100.0,Thursday,9,False,5.5
2019-09-27,5.0,0.857,110.0,Friday,9,False,4.5
2019-09-28,2.0,0.929,74.0,Saturday,9,False,5.1
2019-09-29,1.0,0.893,73.0,Sunday,9,False,2.0
2019-09-30,3.0,1.036,84.0,Monday,9,False,2.4
2019-10-01,1.0,0.964,74.0,Tuesday,10,False,3.9
2019-10-02,3.0,1.0,79.0,Wednesday,10,False,4.3
2019-10-03,1.0,1.036,48.0,Thursday,10,False,1.8
2019-10-04,2.0,1.071,84.0,Friday,10,False,3.0
2019-10-05,3.0,1.179,69.0,Saturday,10,False,3.6
2019-10-06,1.0,1.214,59.0,Sunday,10,False,3.5
2019-10-07,1.0,1.071,51.0,Monday,10,False,2.3
2019-10-08,2.0,1.071,69.0,Tuesday,10,False,2.7
2019-10-09,3.0,1.107,98.0,Wednesday,10,False,5.5
2019-10-10,3.0,1.107,94.0,Thursday,10,False,3.6
2019-10-11,2.0,0.929,51.0,Friday,10,False,0.4
2019-10-12,0.0,0.857,59.0,Saturday,10,False,0.9
2019-10-13,0.0,0.75,54.0,Sunday,10,False,2.6
2019-10-14,4.0,0.893,107.0,Monday,10,False,6.3
2019-10-15,3.0,0.821,71.0,Tuesday,10,False,4.1
2019-10-16,,0.893,76.0,Wednesday,10,False,5.5
2019-10-17,0.0,0.786,56.0,Thursday,10,False,3.7
2019-10-18,2.0,0.857,59.0,Friday,10,False,1.8
2019-10-19,1.0,0.75,65.0,Saturday,10,False,1.7
2019-10-20,2.0,0.679,50.0,Sunday,10,False,2.2
2019-10-21,1.0,0.643,70.0,Monday,10,False,3.9
2019-10-22,1.0,0.643,50.0,Tuesday,10,False,2.7
2019-10-23,1.0,0.714,76.0,Wednesday,10,False,3.8
2019-10-24,0.0,0.571,73.0,Thursday,10,False,2.3
2019-10-25,0.0,0.5,66.0,Friday,10,False,4.3
2019-10-26,2.0,0.5,78.0,Saturday,10,False,4.9
2019-10-27,5.0,0.75,111.0,Sunday,10,False,3.3
2019-10-28,2.0,0.786,74.0,Monday,10,False,4.2
2019-10-29,2.0,0.75,67.0,Tuesday,10,False,5.2
2019-10-30,4.0,0.929,104.0,Wednesday,10,False,3.9
2019-10-31,0.0,0.821,36.0,Thursday,10,False,3.0
2019-11-01,1.0,0.857,123.0,Friday,11,False,4.9
2019-11-02,1.0,0.893,97.0,Saturday,11,False,4.9
2019-11-03,0.0,0.75,79.0,Sunday,11,False,4.5
2019-11-04,0.0,0.643,98.0,Monday,11,False,5.2
2019-11-05,2.0,0.607,97.0,Tuesday,11,False,5.1
2019-11-06,0.0,0.643,62.0,Wednesday,11,False,2.5
2019-11-07,3.0,0.714,122.0,Thursday,11,False,8.0
2019-11-08,4.0,0.786,122.0,Friday,11,False,6.4
2019-11-09,1.0,0.714,99.0,Saturday,11,False,5.4
2019-11-10,3.0,0.714,111.0,Sunday,11,False,5.2
2019-11-11,5.0,0.893,115.0,Monday,11,False,4.7
2019-11-12,1.0,1.036,84.0,Tuesday,11,False,4.0
2019-11-13,1.0,0.964,88.0,Wednesday,11,False,2.9
2019-11-14,2.0,1.0,95.0,Thursday,11,False,7.0
2019-11-15,2.0,1.071,103.0,Friday,11,False,2.6
2019-11-16,2.0,1.0,92.0,Saturday,11,False,3.0
2019-11-17,0.0,0.964,92.0,Sunday,11,False,3.2
2019-11-18,2.0,1.0,104.0,Monday,11,False,1.0
2019-11-19,0.0,0.893,78.0,Tuesday,11,False,3.0
2019-11-20,3.0,0.75,120.0,Wednesday,11,False,4.8
2019-11-21,0.0,0.75,,Thursday,11,False,1.8
2019-11-22,,0.857,109.0,Friday,11,False,5.9
2019-11-23,2.0,0.679,92.0,Saturday,11,False,3.5
2019-11-24,3.0,0.75,112.0,Sunday,11,False,4.2
2019-11-25,1.0,0.821,69.0,Monday,11,False,1.8
2019-11-26,2.0,0.929,117.0,Tuesday,11,False,7.0
2019-11-27,3.0,0.964,101.0,Wednesday,11,False,4.3
2019-11-28,0.0,0.929,81.0,Thursday,11,False,2.1
2019-11-29,1.0,0.857,68.0,Friday,11,False,0.4
2019-11-30,3.0,0.964,105.0,Saturday,11,False,7.1
2019-12-01,0.0,0.964,87.0,Sunday,12,False,3.2
2019-12-02,1.0,0.893,88.0,Monday,12,False,4.7
2019-12-03,2.0,0.857,103.0,Tuesday,12,False,4.2
2019-12-04,1.0,0.857,113.0,Wednesday,12,False,8.2
2019-12-05,2.0,1.0,90.0,Thursday,12,False,5.3
2019-12-06,2.0,0.929,99.0,Friday,12,False,3.9
2019-12-07,2.0,0.893,98.0,Saturday,12,False,4.5
2019-12-08,1.0,0.786,66.0,Sunday,12,False,0.9
2019-12-09,0.0,0.75,73.0,Monday,12,False,1.7
2019-12-10,4.0,0.714,126.0,Tuesday,12,False,3.8
2019-12-11,4.0,0.821,117.0,Wednesday,12,False,5.0
2019-12-12,2.0,0.857,96.0,Thursday,12,False,3.9
2019-12-13,1.0,0.821,92.0,Friday,12,False,6.1
2019-12-14,2.0,1.0,87.0,Saturday,12,False,3.0
2019-12-15,3.0,1.036,115.0,Sunday,12,False,3.8
2019-12-16,1.0,0.929,90.0,Monday,12,False,4.9
2019-12-17,2.0,0.786,111.0,Tuesday,12,False,4.9
2019-12-18,1.0,0.786,82.0,Wednesday,12,False,4.3
2019-12-19,0.0,0.821,57.0,Thursday,12,False,0.5
2019-12-20,2.0,0.857,115.0,Friday,12,False,2.9
2019-12-21,2.0,0.857,95.0,Saturday,12,False,4.1
2019-12-22,1.0,0.821,101.0,Sunday,12,False,4.6
2019-12-23,4.0,0.964,121.0,Monday,12,False,3.9
2019-12-24,1.0,0.929,78.0,Tuesday,12,False,2.3
2019-12-25,3.0,1.036,115.0,Wednesday,12,True,5.2
2019-12-26,2.0,1.071,107.0,Thursday,12,True,1.7
2019-12-27,2.0,1.143,93.0,Friday,12,False,5.3
2019-12-28,,0.964,95.0,Saturday,12,False,3.8
2019-12-29,0.0,0.857,74.0,Sunday,12,False,3.3
2019-12-30,2.0,0.929,124.0,Monday,12,False,4.1
2019-12-31,1.0,0.893,76.0,Tuesday,12,False,3.8
2020-01-01,0.0,0.679,72.0,Wednesday,1,True,3.0
2020-01-02,1.0,0.643,106.0,Thursday,1,False,4.2
2020-01-03,1.0,0.714,86.0,Friday,1,False,5.4
2020-01-04,0.0,0.643,114.0,Saturday,1,False,4.1
2020-01-05,0.0,0.536,79.0,Sunday,1,False,3.7
2020-01-06,1.0,0.536,94.0,Monday,1,False,0.7
2020-01-07,1.0,0.5,96.0,Tuesday,1,False,4.2
2020-01-08,1.0,0.464,72.0,Wednesday,1,False,3.5
2020-01-09,2.0,0.536,98.0,Thursday,1,False,4.3
2020-01-10,0.0,0.429,91.0,Friday,1,False,2.1
2020-01-11,1.0,0.464,91.0,Saturday,1,False,1.5
2020-01-12,2.0,0.536,104.0,Sunday,1,False,1.9
2020-01-13,0.0,0.357,96.0,Monday,1,False,4.5
2020-01-14,1.0,0.429,64.0,Tuesday,1,False,2.2
2020-01-15,1.0,0.5,83.0,Wednesday,1,False,2.5
2020-01-16,1.0,0.571,,Thursday,1,False,1.5
2020-01-17,1.0,0.643,63.0,Friday,1,False,3.1
2020-01-18,0.0,0.536,83.0,Saturday,1,False,2.8
2020-01-19,3.0,0.571,119.0,Sunday,1,False,4.7
2020-01-20,1.0,0.571,83.0,Monday,1,False,2.6
2020-01-21,1.0,0.607,96.0,Tuesday,1,False,3.8
2020-01-22,1.0,0.571,103.0,Wednesday,1,False,4.7
2020-01-23,0.0,0.536,89.0,Thursday,1,False,4.0
2020-01-24,2.0,0.679,112.0,Friday,1,False,3.7
2020-01-25,1.0,0.786,78.0,Saturday,1,False,2.5
2020-01-26,4.0,0.893,106.0,Sunday,1,False,4.5
2020-01-27,0.0,0.893,84.0,Monday,1,False,2.4
2020-01-28,,1.0,69.0,Tuesday,1,False,3.1
2020-01-29,3.0,1.0,105.0,Wednesday,1,False,4.0
2020-01-30,0.0,1.0,67.0,Thursday,1,False,2.7
2020-01-31,0.0,0.857,80.0,Friday,1,False,4.6
2020-02-01,0.0,0.75,48.0,Saturday,2,False,1.3
2020-02-02,1.0,0.714,78.0,Sunday,2,False,5.3
2020-02-03,0.0,0.607,92.0,Monday,2,False,5.9
2020-02-04,1.0,0.607,77.0,Tuesday,2,False,1.0
2020-02-05,3.0,0.679,116.0,Wednesday,2,False,4.3
2020-02-06,2.0,0.679,101.0,Thursday,2,False,2.3
2020-02-07,1.0,0.607,,Friday,2,False,
2020-02-08,4.0,0.643,118.0,Saturday,2,False,5.6
2020-02-09,2.0,0.607,120.0,Sunday,2,False,3.5
2020-02-10,,0.571,109.0,Monday,2,False,6.8
2020-02-11,0.0,0.536,,Tuesday,2,False,3.3
2020-02-12,6.0,0.679,141.0,Wednesday,2,False,6.0
2020-02-13,0.0,0.75,72.0,Thursday,2,False,2.6
2020-02-14,2.0,0.714,107.0,Friday,2,False,4.7
2020-02-15,2.0,0.643,95.0,Saturday,2,False,4.1
2020-02-16,0.0,0.607,57.0,Sunday,2,False,1.0
2020-02-17,1.0,0.679,62.0,Monday,2,False,4.0
2020-02-18,0.0,0.679,73.0,Tuesday,2,False,2.6
2020-02-19,,0.643,86.0,Wednesday,2,False,4.6
2020-02-20,0.0,0.571,65.0,Thursday,2,False,0.5
2020-02-21,2.0,0.571,106.0,Friday,2,False,5.3
2020-02-22,4.0,0.643,127.0,Saturday,2,False,6.5
2020-02-23,1.0,0.536,112.0,Sunday,2,False,3.9
2020-02-24,0.0,0.536,88.0,Monday,2,False,5.0
2020-02-25,,0.643,97.0,Tuesday,2,False,
2020-02-26,1.0,0.643,85.0,Wednesday,2,False,3.4
2020-02-27,0.0,0.5,81.0,Thursday,2,False,3.0
2020-02-28,2.0,0.5,104.0,Friday,2,False,4.9
2020-02-29,1.0,0.571,76.0,Saturday,2,False,5.8
2020-03-01,1.0,0.643,94.0,Sunday,3,False,3.6
2020-03-02,1.0,0.679,100.0,Monday,3,False,4.6
2020-03-03,3.0,0.714,102.0,Tuesday,3,False,4.9
2020-03-04,1.0,0.786,92.0,Wednesday,3,False,3.9
2020-03-05,1.0,0.786,84.0,Thursday,3,False,
2020-03-06,1.0,0.75,96.0,Friday,3,False,6.5
2020-03-07,1.0,0.786,68.0,Saturday,3,False,1.3
2020-03-08,1.0,0.786,105.0,Sunday,3,False,5.6
2020-03-09,0.0,0.679,96.0,Monday,3,False,4.9
2020-03-10,3.0,0.786,78.0,Tuesday,3,False,4.8
2020-03-11,0.0,0.607,73.0,Wednesday,3,False,1.3
2020-03-12,3.0,0.714,104.0,Thursday,3,False,
2020-03-13,4.0,0.786,127.0,Friday,3,False,6.6
2020-03-14,2.0,0.786,105.0,Saturday,3,False,5.5
2020-03-15,1.0,0.75,70.0,Sunday,3,False,2.0
2020-03-16,2.0,0.75,110.0,Monday,3,False,4.7
2020-03-17,1.0,0.679,89.0,Tuesday,3,False,2.8
2020-03-18,2.0,0.75,108.0,Wednesday,3,False,4.4
2020-03-19,0.0,0.857,82.0,Thursday,3,False,4.2
2020-03-20,1.0,0.821,113.0,Friday,3,False,4.3
2020-03-21,0.0,0.75,91.0,Saturday,3,False,3.0
2020-03-22,2.0,0.714,81.0,Sunday,3,False,5.0
2020-03-23,3.0,0.607,97.0,Monday,3,False,3.2
2020-03-24,2.0,0.607,113.0,Tuesday,3,False,4.1
2020-03-25,2.0,0.679,125.0,Wednesday,3,False,3.3
2020-03-26,3.0,0.75,114.0,Thursday,3,False,4.6
2020-03-27,3.0,0.75,113.0,Friday,3,False,2.7
2020-03-28,2.0,0.786,80.0,Saturday,3,False,4.0
2020-03-29,1.0,0.75,90.0,Sunday,3,False,2.4
2020-03-30,0.0,0.714,83.0,Monday,3,False,2.6
2020-03-31,5.0,0.821,141.0,Tuesday,3,False,6.7
2020-04-01,2.0,0.893,89.0,Wednesday,4,False,3.3
2020-04-02,0.0,0.821,68.0,Thursday,4,False,3.6
2020-04-03,2.0,0.821,75.0,Friday,4,False,0.4
2020-04-04,2.0,0.821,60.0,Saturday,4,False,2.6
2020-04-05,,0.821,49.0,Sunday,4,False,1.4
2020-04-06,1.0,0.786,81.0,Monday,4,False,1.4
2020-04-07,3.0,0.821,91.0,Tuesday,4,False,
2020-04-08,1.0,0.857,68.0,Wednesday,4,False,1.4
2020-04-09,0.0,0.821,51.0,Thursday,4,False,2.0
2020-04-10,1.0,0.821,,Friday,4,True,3.6
2020-04-11,1.0,0.821,57.0,Saturday,4,False,1.4
2020-04-12,2.0,0.821,72.0,Sunday,4,True,2.2
2020-04-13,2.0,0.821,87.0,Monday,4,True,5.6
2020-04-14,3.0,0.75,104.0,Tuesday,4,False,5.4
2020-04-15,1.0,0.821,59.0,Wednesday,4,False,1.5
2020-04-16,1.0,0.75,55.0,Thursday,4,False,3.5
2020-04-17,1.0,,50.0,Friday,4,False,1.7
2020-04-18,2.0,0.857,67.0,Saturday,4,False,
2020-04-19,0.0,0.821,56.0,Sunday,4,False,1.6
2020-04-20,1.0,0.679,70.0,Monday,4,False,6.5
2020-04-21,0.0,0.607,40.0,Tuesday,4,False,2.4
2020-04-22,2.0,0.714,86.0,Wednesday,4,False,0.4
2020-04-23,1.0,0.75,68.0,Thursday,4,False,2.3
2020-04-24,1.0,0.821,77.0,Friday,4,False,3.8
2020-04-25,0.0,0.714,47.0,Saturday,4,False,0.9
2020-04-26,0.0,0.643,67.0,Sunday,4,False,3.1
2020-04-27,1.0,0.571,73.0,Monday,4,True,2.4
2020-04-28,3.0,0.679,97.0,Tuesday,4,False,5.4
2020-04-29,0.0,0.75,43.0,Wednesday,4,False,4.3
2020-04-30,2.0,0.786,94.0,Thursday,4,False,2.5
2020-05-01,1.0,0.643,58.0,Friday,5,False,0.4
2020-05-02,4.0,0.786,77.0,Saturday,5,False,5.9
2020-05-03,2.0,0.75,93.0,Sunday,5,False,4.8
2020-05-04,0.0,0.714,55.0,Monday,5,False,2.4
2020-05-05,3.0,0.786,82.0,Tuesday,5,True,2.9
2020-05-06,1.0,0.643,60.0,Wednesday,5,False,3.9
2020-05-07,2.0,0.75,80.0,Thursday,5,False,3.0
2020-05-08,1.0,0.786,53.0,Friday,5,False,2.7
2020-05-09,1.0,0.893,57.0,Saturday,5,False,3.2
2020-05-10,0.0,0.893,67.0,Sunday,5,False,3.0
2020-05-11,1.0,0.929,83.0,Monday,5,False,2.8
2020-05-12,1.0,0.893,66.0,Tuesday,5,False,0.8
2020-05-13,0.0,0.679,44.0,Wednesday,5,False,2.0
2020-05-14,1.0,0.75,73.0,Thursday,5,False,2.1
2020-05-15,1.0,0.786,70.0,Friday,5,False,2.8
2020-05-16,1.0,0.893,61.0,Saturday,5,False,3.8
2020-05-17,2.0,,78.0,Sunday,5,False,4.4
2020-05-18,3.0,0.929,95.0,Monday,5,False,5.5
2020-05-19,0.0,0.821,61.0,Tuesday,5,False,3.6
2020-05-20,1.0,0.893,80.0,Wednesday,5,False,2.9
2020-05-21,2.0,0.786,45.0,Thursday,5,True,2.5
2020-05-22,0.0,0.714,52.0,Friday,5,False,3.6
2020-05-23,1.0,0.786,82.0,Saturday,5,False,3.9
2020-05-24,0.0,0.607,75.0,Sunday,5,False,3.4
2020-05-25,3.0,0.75,94.0,Monday,5,False,3.9
2020-05-26,0.0,,51.0,Tuesday,5,False,3.2
2020-05-27,1.0,0.75,73.0,Wednesday,5,False,
2020-05-28,2.0,0.714,57.0,Thursday,5,False,0.5
2020-05-29,0.0,0.571,69.0,Friday,5,False,2.5
2020-05-30,4.0,0.607,82.0,Saturday,5,False,3.7
2020-05-31,0.0,0.714,50.0,Sunday,5,True,2.0
2020-06-01,3.0,0.786,72.0,Monday,6,True,3.9
2020-06-02,2.0,0.857,90.0,Tuesday,6,False,3.7
2020-06-03,,0.893,50.0,Wednesday,6,False,4.2
2020-06-04,2.0,0.857,65.0,Thursday,6,False,3.9
2020-06-05,3.0,,73.0,Friday,6,False,3.4
2020-06-06,1.0,0.714,49.0,Saturday,6,False,3.8
2020-06-07,1.0,0.571,52.0,Sunday,6,False,2.0
2020-06-08,1.0,0.679,52.0,Monday,6,False,2.1
2020-06-09,3.0,0.75,62.0,Tuesday,6,False,3.7
2020-06-10,3.0,0.893,57.0,Wednesday,6,False,3.8
2020-06-11,1.0,0.857,59.0,Thursday,6,False,2.6
2020-06-12,2.0,0.714,80.0,Friday,6,False,2.2
2020-06-13,2.0,0.643,41.0,Saturday,6,False,1.4
2020-06-14,1.0,0.643,43.0,Sunday,6,False,1.0
2020-06-15,3.0,0.714,81.0,Monday,6,False,1.1
2020-06-16,1.0,0.75,32.0,Tuesday,6,False,1.6
2020-06-17,1.0,0.75,58.0,Wednesday,6,False,3.1
2020-06-18,1.0,0.786,59.0,Thursday,6,False,2.0
2020-06-19,0.0,0.714,57.0,Friday,6,False,3.8
2020-06-20,1.0,0.714,66.0,Saturday,6,False,4.6
2020-06-21,2.0,0.786,51.0,Sunday,6,False,2.1
2020-06-22,3.0,0.857,76.0,Monday,6,False,1.9
2020-06-23,1.0,0.857,43.0,Tuesday,6,False,1.5
2020-06-24,1.0,0.821,61.0,Wednesday,6,False,2.2
2020-06-25,3.0,,89.0,Thursday,6,False,5.4
2020-06-26,0.0,0.857,64.0,Friday,6,False,3.4
2020-06-27,1.0,0.75,58.0,Saturday,6,False,3.4
2020-06-28,0.0,0.714,52.0,Sunday,6,False,3.2
2020-06-29,2.0,0.679,80.0,Monday,6,False,5.9
2020-06-30,0.0,0.607,51.0,Tuesday,6,False,1.2
2020-07-01,0.0,0.536,51.0,Wednesday,7,False,2.4
2020-07-02,0.0,0.429,50.0,Thursday,7,False,
2020-07-03,1.0,0.393,35.0,Friday,7,False,0.9
2020-07-04,2.0,0.429,55.0,Saturday,7,False,0.4
2020-07-05,3.0,0.536,65.0,Sunday,7,False,1.2
2020-07-06,2.0,0.571,76.0,Monday,7,False,2.9
2020-07-07,2.0,0.536,76.0,Tuesday,7,False,2.7
2020-07-08,3.0,0.643,72.0,Wednesday,7,False,4.2
2020-07-09,2.0,0.679,84.0,Thursday,7,False,5.7
2020-07-10,3.0,0.786,55.0,Friday,7,False,3.1
2020-07-11,1.0,0.821,29.0,Saturday,7,False,0.4
2020-07-12,1.0,0.75,55.0,Sunday,7,False,0.7
2020-07-13,1.0,0.607,39.0,Monday,7,False,0.9
2020-07-14,,0.607,80.0,Tuesday,7,False,
2020-07-15,1.0,0.607,56.0,Wednesday,7,False,2.4
2020-07-16,2.0,0.679,38.0,Thursday,7,False,2.8
2020-07-17,2.0,0.643,44.0,Friday,7,False,2.4
2020-07-18,0.0,0.5,64.0,Saturday,7,False,2.3
2020-07-19,0.0,0.571,35.0,Sunday,7,False,0.9
2020-07-20,0.0,0.536,31.0,Monday,7,False,2.1
2020-07-21,1.0,0.464,65.0,Tuesday,7,False,4.0
2020-07-22,2.0,0.5,85.0,Wednesday,7,False,3.2
2020-07-23,1.0,0.464,69.0,Thursday,7,False,2.4
2020-07-24,1.0,0.429,57.0,Friday,7,False,0.9
2020-07-25,2.0,0.607,73.0,Saturday,7,False,4.8
2020-07-26,1.0,0.571,75.0,Sunday,7,False,2.7
2020-07-27,2.0,0.571,65.0,Monday,7,False,1.1
2020-07-28,2.0,0.714,,Tuesday,7,False,4.1
2020-07-29,1.0,0.75,59.0,Wednesday,7,False,2.1
2020-07-30,2.0,0.786,50.0,Thursday,7,False,
2020-07-31,3.0,0.75,90.0,Friday,7,False,5.1
2020-08-01,4.0,0.786,78.0,Saturday,8,False,1.6
2020-08-02,3.0,0.821,49.0,Sunday,8,False,1.2
2020-08-03,1.0,0.857,75.0,Monday,8,False,1.6
2020-08-04,,0.893,63.0,Tuesday,8,False,2.6
2020-08-05,2.0,0.893,70.0,Wednesday,8,False,1.8
2020-08-06,,1.0,70.0,Thursday,8,False,3.1
2020-08-07,3.0,0.964,77.0,Friday,8,False,3.9
2020-08-08,2.0,0.893,59.0,Saturday,8,False,1.2
2020-08-09,2.0,0.786,75.0,Sunday,8,False,1.8
2020-08-10,1.0,0.75,40.0,Monday,8,False,2.7
2020-08-11,2.0,0.75,72.0,Tuesday,8,False,1.4
2020-08-12,2.0,0.821,75.0,Wednesday,8,False,3.0
2020-08-13,1.0,0.714,39.0,Thursday,8,False,2.5
2020-08-14,1.0,,68.0,Friday,8,False,3.3
2020-08-15,2.0,0.75,44.0,Saturday,8,False,2.1
2020-08-16,1.0,0.714,28.0,Sunday,8,False,1.7
2020-08-17,2.0,0.75,53.0,Monday,8,False,1.6
2020-08-18,0.0,0.643,46.0,Tuesday,8,False,2.0
2020-08-19,2.0,0.679,41.0,Wednesday,8,False,2.8
2020-08-20,1.0,0.786,52.0,Thursday,8,False,1.6
2020-08-21,2.0,0.786,70.0,Friday,8,False,5.2
2020-08-22,1.0,0.786,45.0,Saturday,8,False,4.5
2020-08-23,1.0,0.643,55.0,Sunday,8,False,3.3
2020-08-24,2.0,0.643,52.0,Monday,8,False,2.7
2020-08-25,1.0,0.607,41.0,Tuesday,8,False,3.8
2020-08-26,3.0,0.679,81.0,Wednesday,8,False,5.3
2020-08-27,0.0,0.536,64.0,Thursday,8,False,2.4
2020-08-28,1.0,0.5,53.0,Friday,8,False,2.5
2020-08-29,0.0,0.5,46.0,Saturday,8,False,3.1
2020-08-30,3.0,0.571,34.0,Sunday,8,False,0.8
2020-08-31,0.0,0.536,45.0,Monday,8,False,1.2
2020-09-01,1.0,0.536,58.0,Tuesday,9,False,2.4
2020-09-02,2.0,0.643,77.0,Wednesday,9,False,3.0
2020-09-03,1.0,0.679,74.0,Thursday,9,False,5.4
2020-09-04,0.0,0.571,72.0,Friday,9,False,2.6
2020-09-05,1.0,0.607,76.0,Saturday,9,False,6.8
2020-09-06,1.0,0.536,49.0,Sunday,9,False,2.6
2020-09-07,0.0,0.536,59.0,Monday,9,False,2.4
2020-09-08,1.0,0.5,70.0,Tuesday,9,False,4.0
2020-09-09,0.0,0.536,41.0,Wednesday,9,False,3.1
2020-09-10,1.0,0.464,64.0,Thursday,9,False,2.9
2020-09-11,2.0,0.464,66.0,Friday,9,False,3.4
2020-09-12,3.0,0.536,91.0,Saturday,9,False,
2020-09-13,1.0,0.5,62.0,Sunday,9,False,3.0
2020-09-14,1.0,0.536,86.0,Monday,9,False,4.5
2020-09-15,0.0,0.5,28.0,Tuesday,9,False,1.3
2020-09-16,1.0,0.571,93.0,Wednesday,9,False,3.4
2020-09-17,1.0,0.643,79.0,Thursday,9,False,4.2
2020-09-18,4.0,0.679,111.0,Friday,9,False,3.3
2020-09-19,3.0,0.821,71.0,Saturday,9,False,3.4
2020-09-20,2.0,0.821,72.0,Sunday,9,False,1.9
2020-09-21,1.0,0.75,61.0,Monday,9,False,3.7
2020-09-22,3.0,0.893,83.0,Tuesday,9,False,4.1
2020-09-23,0.0,0.786,68.0,Wednesday,9,False,3.7
2020-09-24,1.0,0.893,70.0,Thursday,9,False,3.1
2020-09-25,1.0,0.821,69.0,Friday,9,False,3.9
2020-09-26,4.0,0.857,103.0,Saturday,9,False,4.7
2020-09-27,0.0,0.857,41.0,Sunday,9,False,1.8
2020-09-28,0.0,0.857,64.0,Monday,9,False,2.0
2020-09-29,1.0,0.893,39.0,Tuesday,9,False,1.5
2020-09-30,0.0,0.75,44.0,Wednesday,9,False,1.9
2020-10-01,2.0,0.786,58.0,Thursday,10,False,0.9
2020-10-02,1.0,,69.0,Friday,10,False,4.1
2020-10-03,2.0,0.786,79.0,Saturday,10,False,5.2
2020-10-04,4.0,0.857,108.0,Sunday,10,False,5.6
2020-10-05,3.0,0.929,100.0,Monday,10,False,3.3
2020-10-06,3.0,0.929,69.0,Tuesday,10,False,4.6
2020-10-07,0.0,0.821,61.0,Wednesday,10,False,1.6
2020-10-08,0.0,0.679,43.0,Thursday,10,False,0.7
2020-10-09,2.0,0.679,69.0,Friday,10,False,3.4
2020-10-10,1.0,0.643,55.0,Saturday,10,False,2.3
2020-10-11,2.0,0.714,74.0,Sunday,10,False,3.6
2020-10-12,0.0,0.643,41.0,Monday,10,False,0.8
2020-10-13,1.0,0.714,74.0,Tuesday,10,False,2.1
2020-10-14,1.0,0.643,68.0,Wednesday,10,False,2.1
2020-10-15,0.0,0.607,50.0,Thursday,10,False,3.2
2020-10-16,1.0,0.571,77.0,Friday,10,False,4.1
2020-10-17,1.0,,,Saturday,10,False,2.1
2020-10-18,2.0,0.607,70.0,Sunday,10,False,2.1
2020-10-19,0.0,0.607,48.0,Monday,10,False,1.2
2020-10-20,0.0,0.679,69.0,Tuesday,10,False,4.5
2020-10-21,4.0,0.786,92.0,Wednesday,10,False,3.1
2020-10-22,1.0,0.821,55.0,Thursday,10,False,4.2
2020-10-23,5.0,0.929,128.0,Friday,10,False,3.8
2020-10-24,4.0,1.036,124.0,Saturday,10,False,5.5
2020-10-25,2.0,1.107,86.0,Sunday,10,False,0.9
2020-10-26,1.0,1.036,61.0,Monday,10,False,2.2
2020-10-27,,1.036,83.0,Tuesday,10,False,2.5
2020-10-28,3.0,1.036,90.0,Wednesday,10,False,3.4
2020-10-29,0.0,1.107,40.0,Thursday,10,False,1.9
2020-10-30,3.0,,88.0,Friday,10,False,4.4
2020-10-31,0.0,1.143,78.0,Saturday,10,False,4.0
2020-11-01,0.0,1.107,96.0,Sunday,11,False,2.8
2020-11-02,3.0,1.036,112.0,Monday,11,False,4.1
2020-11-03,2.0,1.107,95.0,Tuesday,11,False,3.9
2020-11-04,3.0,1.0,102.0,Wednesday,11,False,4.0
2020-11-05,1.0,0.929,74.0,Thursday,11,False,4.3
2020-11-06,2.0,0.857,99.0,Friday,11,False,5.1
2020-11-07,0.0,0.821,68.0,Saturday,11,False,3.8
2020-11-08,1.0,0.786,68.0,Sunday,11,False,3.0
2020-11-09,0.0,0.786,85.0,Monday,11,False,3.9
2020-11-10,3.0,0.893,97.0,Tuesday,11,False,6.9
2020-11-11,2.0,0.893,87.0,Wednesday,11,False,3.8
2020-11-12,4.0,1.036,117.0,Thursday,11,False,5.0
2020-11-13,1.0,0.893,77.0,Friday,11,False,2.1
2020-11-14,1.0,0.964,86.0,Saturday,11,False,4.1
2020-11-15,4.0,1.0,113.0,Sunday,11,False,5.0
2020-11-16,0.0,1.0,87.0,Monday,11,False,
2020-11-17,1.0,0.964,95.0,Tuesday,11,False,5.6
2020-11-18,2.0,0.964,102.0,Wednesday,11,False,2.5
2020-11-19,2.0,1.0,94.0,Thursday,11,False,2.3
2020-11-20,0.0,0.893,89.0,Friday,11,False,1.6
2020-11-21,0.0,0.75,69.0,Saturday,11,False,2.7
2020-11-22,4.0,0.786,116.0,Sunday,11,False,5.4
2020-11-23,2.0,0.75,107.0,Monday,11,False,2.5
2020-11-24,1.0,0.607,81.0,Tuesday,11,False,3.2
2020-11-25,3.0,0.607,94.0,Wednesday,11,False,4.8
2020-11-26,0.0,0.607,60.0,Thursday,11,False,3.8
2020-11-27,,0.643,97.0,Friday,11,False,5.8
2020-11-28,1.0,0.643,93.0,Saturday,11,False,5.3
2020-11-29,4.0,0.786,,Sunday,11,False,4.3
2020-11-30,3.0,0.893,112.0,Monday,11,False,6.0
2020-12-01,1.0,0.786,90.0,Tuesday,12,False,2.6
2020-12-02,1.0,0.821,75.0,Wednesday,12,False,5.7
2020-12-03,1.0,0.857,75.0,Thursday,12,False,3.1
2020-12-04,0.0,0.821,74.0,Friday,12,False,3.6
2020-12-05,2.0,0.714,91.0,Saturday,12,False,5.6
2020-12-06,5.0,0.893,125.0,Sunday,12,False,5.4
2020-12-07,0.0,0.857,80.0,Monday,12,False,2.0
2020-12-08,1.0,0.75,84.0,Tuesday,12,False,2.8
2020-12-09,0.0,0.714,87.0,Wednesday,12,False,1.4
2020-12-10,1.0,0.714,59.0,Thursday,12,False,1.0
2020-12-11,1.0,0.607,85.0,Friday,12,False,5.8
2020-12-12,2.0,0.571,100.0,Saturday,12,False,4.6
2020-12-13,1.0,0.607,84.0,Sunday,12,False,5.1
2020-12-14,2.0,0.786,85.0,Monday,12,False,3.8
2020-12-15,1.0,0.75,107.0,Tuesday,12,False,6.0
2020-12-16,0.0,0.679,93.0,Wednesday,12,False,3.5
2020-12-17,2.0,0.679,112.0,Thursday,12,False,3.4
2020-12-18,1.0,0.821,64.0,Friday,12,False,2.2
2020-12-19,1.0,0.75,101.0,Saturday,12,False,3.3
2020-12-20,,0.821,105.0,Sunday,12,False,5.2
2020-12-21,1.0,0.75,99.0,Monday,12,False,5.9
2020-12-22,2.0,0.821,95.0,Tuesday,12,False,3.8
2020-12-23,2.0,0.857,98.0,Wednesday,12,False,5.5
2020-12-24,0.0,0.821,70.0,Thursday,12,False,4.2
2020-12-25,2.0,0.857,100.0,Friday,12,True,4.9
2020-12-26,1.0,0.821,87.0,Saturday,12,True,3.0
2020-12-27,3.0,0.929,,Sunday,12,False,6.0
2020-12-28,2.0,1.0,114.0,Monday,12,False,5.3
2020-12-29,4.0,0.964,103.0,Tuesday,12,False,4.0
2020-12-30,0.0,0.857,51.0,Wednesday,12,False,0.4
2020-12-31,0.0,0.75,88.0,Thursday,12,False,4.3
2021-01-01,0.0,0.821,58.0,Friday,1,True,4.0
2021-01-02,0.0,0.75,77.0,Saturday,1,False,1.7
2021-01-03,0.0,0.643,86.0,Sunday,1,False,5.2
2021-01-04,0.0,0.571,97.0,Monday,1,False,6.2
2021-01-05,0.0,,83.0,Tuesday,1,False,3.4
2021-01-06,1.0,0.536,99.0,Wednesday,1,False,3.3
2021-01-07,4.0,0.607,140.0,Thursday,1,False,7.7
2021-01-08,3.0,0.679,91.0,Friday,1,False,3.5
2021-01-09,3.0,0.786,120.0,Saturday,1,False,1.8
2021-01-10,3.0,0.786,111.0,Sunday,1,False,3.4
2021-01-11,0.0,0.821,78.0,Monday,1,False,4.3
2021-01-12,1.0,0.821,73.0,Tuesday,1,False,4.9
2021-01-13,2.0,0.893,100.0,Wednesday,1,False,3.2
2021-01-14,1.0,0.75,101.0,Thursday,1,False,4.9
2021-01-15,0.0,0.786,78.0,Friday,1,False,3.3
2021-01-16,0.0,0.679,90.0,Saturday,1,False,4.4
2021-01-17,1.0,0.679,70.0,Sunday,1,False,5.0
2021-01-18,,0.679,81.0,Monday,1,False,3.4
2021-01-19,1.0,0.679,91.0,Tuesday,1,False,2.8
2021-01-20,1.0,0.714,88.0,Wednesday,1,False,3.3
2021-01-21,1.0,0.714,94.0,Thursday,1,False,3.0
2021-01-22,1.0,0.75,67.0,Friday,1,False,5.4
2021-01-23,2.0,0.75,113.0,Saturday,1,False,5.7
2021-01-24,3.0,0.821,113.0,Sunday,1,False,
2021-01-25,1.0,0.893,87.0,Monday,1,False,3.6
2021-01-26,1.0,0.857,90.0,Tuesday,1,False,3.8
2021-01-27,1.0,0.821,84.0,Wednesday,1,False,3.4
2021-01-28,2.0,0.929,106.0,Thursday,1,False,3.2
2021-01-29,3.0,1.107,104.0,Friday,1,False,3.1
2021-01-30,2.0,1.179,101.0,Saturday,1,False,3.3
2021-01-31,3.0,1.143,110.0,Sunday,1,False,4.6
2021-02-01,2.0,1.179,92.0,Monday,2,False,3.0
2021-02-02,2.0,1.107,100.0,Tuesday,2,False,5.2
2021-02-03,4.0,1.107,113.0,Wednesday,2,False,5.2
2021-02-04,1.0,1.107,97.0,Thursday,2,False,4.1
2021-02-05,1.0,1.036,89.0,Friday,2,False,4.0
2021-02-06,2.0,1.071,110.0,Saturday,2,False,6.3
2021-02-07,1.0,1.071,79.0,Sunday,2,False,4.2
2021-02-08,2.0,1.0,93.0,Monday,2,False,2.6
2021-02-09,2.0,1.0,114.0,Tuesday,2,False,2.7
2021-02-10,2.0,0.929,81.0,Wednesday,2,False,3.0
2021-02-11,1.0,0.964,103.0,Thursday,2,False,3.0
2021-02-12,3.0,,99.0,Friday,2,False,4.3
2021-02-13,1.0,0.964,96.0,Saturday,2,False,4.7
2021-02-14,3.0,1.036,98.0,Sunday,2,False,
2021-02-15,2.0,1.071,102.0,Monday,2,False,3.2
2021-02-16,2.0,1.036,122.0,Tuesday,2,False,5.3
2021-02-17,1.0,0.929,122.0,Wednesday,2,False,2.8
2021-02-18,2.0,0.821,90.0,Thursday,2,False,4.3
2021-02-19,4.0,0.893,137.0,Friday,2,False,5.6
2021-02-20,1.0,0.857,80.0,Saturday,2,False,4.8
2021-02-21,2.0,0.821,111.0,Sunday,2,False,4.9
2021-02-22,0.0,0.75,72.0,Monday,2,False,3.5
2021-02-23,2.0,0.929,113.0,Tuesday,2,False,5.2
2021-02-24,1.0,0.893,102.0,Wednesday,2,False,5.2
2021-02-25,5.0,1.107,145.0,Thursday,2,False,6.1
2021-02-26,2.0,1.143,96.0,Friday,2,False,4.1
2021-02-27,1.0,1.107,110.0,Saturday,2,False,5.0
2021-02-28,1.0,1.107,101.0,Sunday,2,False,3.6
2021-03-01,1.0,1.143,94.0,Monday,3,False,4.6
2021-03-02,3.0,1.107,112.0,Tuesday,3,False,5.9
2021-03-03,2.0,1.179,90.0,Wednesday,3,False,4.2
2021-03-04,2.0,1.179,96.0,Thursday,3,False,4.1
2021-03-05,0.0,1.143,,Friday,3,False,1.2
2021-03-06,1.0,1.179,88.0,Saturday,3,False,4.3
2021-03-07,1.0,0.821,103.0,Sunday,3,False,3.6
2021-03-08,1.0,0.75,90.0,Monday,3,False,4.1
2021-03-09,3.0,0.679,130.0,Tuesday,3,False,4.3
2021-03-10,0.0,0.643,96.0,Wednesday,3,False,6.6
2021-03-11,6.0,0.893,134.0,Thursday,3,False,6.1
2021-03-12,2.0,1.0,91.0,Friday,3,False,
2021-03-13,0.0,0.857,78.0,Saturday,3,False,2.8
2021-03-14,0.0,,67.0,Sunday,3,False,2.2
2021-03-15,2.0,0.929,114.0,Monday,3,False,
2021-03-16,0.0,0.679,81.0,Tuesday,3,False,2.6
2021-03-17,0.0,0.679,87.0,Wednesday,3,False,4.3
2021-03-18,2.0,0.643,100.0,Thursday,3,False,3.3
2021-03-19,1.0,0.679,84.0,Friday,3,False,3.9
2021-03-20,2.0,0.679,103.0,Saturday,3,False,4.1
2021-03-21,2.0,0.786,96.0,Sunday,3,False,6.8
2021-03-22,4.0,0.821,119.0,Monday,3,False,3.8
2021-03-23,1.0,0.893,77.0,Tuesday,3,False,4.1
2021-03-24,0.0,0.821,77.0,Wednesday,3,False,4.3
2021-03-25,0.0,0.75,77.0,Thursday,3,False,2.6
2021-03-26,1.0,0.857,97.0,Friday,3,False,2.4
2021-03-27,1.0,0.893,108.0,Saturday,3,False,8.4
2021-03-28,2.0,,100.0,Sunday,3,False,5.4
2021-03-29,0.0,0.893,96.0,Monday,3,False,3.9
2021-03-30,1.0,0.857,98.0,Tuesday,3,False,3.0
2021-03-31,0.0,0.821,90.0,Wednesday,3,False,4.0
2021-04-01,3.0,0.857,84.0,Thursday,4,False,3.8
2021-04-02,1.0,0.857,55.0,Friday,4,True,3.9
2021-04-03,2.0,0.75,79.0,Saturday,4,False,1.0
2021-04-04,0.0,0.679,68.0,Sunday,4,True,2.4
2021-04-05,4.0,0.75,82.0,Monday,4,True,4.3
2021-04-06,,0.75,78.0,Tuesday,4,False,2.8
2021-04-07,1.0,0.643,46.0,Wednesday,4,False,2.3
2021-04-08,0.0,0.607,32.0,Thursday,4,False,1.5
2021-04-09,1.0,0.714,70.0,Friday,4,False,2.5
2021-04-10,0.0,0.679,59.0,Saturday,4,False,1.9
2021-04-11,2.0,0.821,51.0,Sunday,4,False,3.5
2021-04-12,2.0,0.821,86.0,Monday,4,False,4.6
2021-04-13,2.0,0.821,81.0,Tuesday,4,False,4.6
2021-04-14,0.0,0.714,47.0,Wednesday,4,False,2.8
2021-04-15,0.0,0.607,65.0,Thursday,4,False,4.6
2021-04-16,2.0,0.607,98.0,Friday,4,False,3.6
2021-04-17,0.0,0.536,75.0,Saturday,4,False,
2021-04-18,1.0,0.5,47.0,Sunday,4,False,0.5
2021-04-19,3.0,0.464,74.0,Monday,4,False,2.8
2021-04-20,1.0,0.5,68.0,Tuesday,4,False,2.5
2021-04-21,1.0,0.464,47.0,Wednesday,4,False,2.1
2021-04-22,1.0,0.5,63.0,Thursday,4,False,4.3
2021-04-23,5.0,0.643,108.0,Friday,4,False,5.6
2021-04-24,0.0,0.571,77.0,Saturday,4,False,3.6
2021-04-25,1.0,0.607,79.0,Sunday,4,False,5.0
2021-04-26,0.0,0.643,57.0,Monday,4,False,4.0
2021-04-27,2.0,0.679,85.0,Tuesday,4,True,3.9
2021-04-28,1.0,0.643,74.0,Wednesday,4,False,3.1
2021-04-29,1.0,0.714,75.0,Thursday,4,False,1.5
2021-04-30,2.0,0.714,85.0,Friday,4,False,1.6
2021-05-01,2.0,0.643,75.0,Saturday,5,False,5.5
2021-05-02,1.0,0.714,62.0,Sunday,5,False,0.9
2021-05-03,1.0,0.75,72.0,Monday,5,False,3.5
2021-05-04,1.0,0.75,55.0,Tuesday,5,False,2.7
2021-05-05,0.0,0.607,41.0,Wednesday,5,False,0.9
2021-05-06,1.0,0.714,64.0,Thursday,5,False,4.9
2021-05-07,1.0,0.786,,Friday,5,False,3.1
2021-05-08,1.0,0.821,62.0,Saturday,5,False,6.7
2021-05-09,2.0,0.821,81.0,Sunday,5,False,2.8
2021-05-10,0.0,0.75,56.0,Monday,5,False,2.6
2021-05-11,1.0,0.75,79.0,Tuesday,5,False,3.5
2021-05-12,0.0,0.643,68.0,Wednesday,5,False,2.9
2021-05-13,2.0,0.714,103.0,Thursday,5,True,5.4
2021-05-14,2.0,0.571,81.0,Friday,5,False,3.5
2021-05-15,1.0,0.536,74.0,Saturday,5,False,3.0
2021-05-16,0.0,0.464,64.0,Sunday,5,False,2.1
2021-05-17,1.0,0.464,83.0,Monday,5,False,4.5
2021-05-18,2.0,0.5,91.0,Tuesday,5,False,1.6
2021-05-19,0.0,0.5,51.0,Wednesday,5,False,1.9
2021-05-20,2.0,0.536,70.0,Thursday,5,False,0.9
2021-05-21,0.0,0.5,65.0,Friday,5,False,3.7
2021-05-22,2.0,0.571,80.0,Saturday,5,False,2.5
2021-05-23,1.0,0.571,70.0,Sunday,5,True,2.9
2021-05-24,1.0,0.643,71.0,Monday,5,True,2.9
2021-05-25,3.0,0.679,86.0,Tuesday,5,False,2.9
2021-05-26,0.0,0.679,57.0,Wednesday,5,False,1.2
2021-05-27,0.0,0.607,63.0,Thursday,5,False,4.6
2021-05-28,3.0,0.679,92.0,Friday,5,False,4.1
2021-05-29,1.0,0.643,55.0,Saturday,5,False,1.8
2021-05-30,2.0,0.643,78.0,Sunday,5,False,4.7
2021-05-31,2.0,0.643,71.0,Monday,5,False,1.0
2021-06-01,1.0,0.643,82.0,Tuesday,6,False,4.5
2021-06-02,3.0,0.607,69.0,Wednesday,6,False,4.0
2021-06-03,2.0,0.643,55.0,Thursday,6,False,0.9
2021-06-04,1.0,0.679,57.0,Friday,6,False,
2021-06-05,1.0,0.821,51.0,Saturday,6,False,4.0
2021-06-06,1.0,0.75,28.0,Sunday,6,False,2.2
2021-06-07,3.0,0.786,63.0,Monday,6,False,3.0
2021-06-08,1.0,0.821,52.0,Tuesday,6,False,1.7
2021-06-09,1.0,0.857,48.0,Wednesday,6,False,1.0
2021-06-10,1.0,0.679,49.0,Thursday,6,False,4.7
2021-06-11,3.0,0.643,82.0,Friday,6,False,2.0
2021-06-12,3.0,0.714,67.0,Saturday,6,False,4.3
2021-06-13,1.0,0.714,32.0,Sunday,6,False,2.9
2021-06-14,2.0,0.786,55.0,Monday,6,False,2.8
2021-06-15,6.0,0.964,128.0,Tuesday,6,False,5.9
2021-06-16,3.0,0.964,,Wednesday,6,False,1.6
2021-06-17,2.0,0.964,49.0,Thursday,6,False,2.7
2021-06-18,1.0,0.929,48.0,Friday,6,False,0.4
2021-06-19,0.0,0.714,39.0,Saturday,6,False,4.0
2021-06-20,1.0,0.643,63.0,Sunday,6,False,2.5
2021-06-21,3.0,0.679,78.0,Monday,6,False,7.0
2021-06-22,0.0,0.679,53.0,Tuesday,6,False,5.1
2021-06-23,1.0,0.607,,Wednesday,6,False,3.0
2021-06-24,3.0,0.75,72.0,Thursday,6,False,2.9
2021-06-25,3.0,0.75,99.0,Friday,6,False,3.2
2021-06-26,1.0,0.75,50.0,Saturday,6,False,5.2
2021-06-27,0.0,0.821,,Sunday,6,False,2.3
2021-06-28,2.0,0.643,48.0,Monday,6,False,0.8
2021-06-29,3.0,0.821,70.0,Tuesday,6,False,3.2
2021-06-30,3.0,0.857,74.0,Wednesday,6,False,3.4
2021-07-01,3.0,0.929,75.0,Thursday,7,False,5.2
2021-07-02,1.0,0.929,40.0,Friday,7,False,2.7
2021-07-03,0.0,0.786,39.0,Saturday,7,False,1.2
2021-07-04,1.0,0.643,57.0,Sunday,7,False,5.0
2021-07-05,1.0,0.786,46.0,Monday,7,False,3.1
2021-07-06,1.0,0.821,40.0,Tuesday,7,False,2.6
2021-07-07,0.0,0.75,54.0,Wednesday,7,False,1.1
2021-07-08,0.0,0.714,37.0,Thursday,7,False,0.4
2021-07-09,0.0,0.571,47.0,Friday,7,False,2.8
2021-07-10,0.0,0.571,40.0,Saturday,7,False,0.8
2021-07-11,0.0,0.571,30.0,Sunday,7,False,0.4
2021-07-12,4.0,0.75,86.0,Monday,7,False,
2021-07-13,1.0,0.607,55.0,Tuesday,7,False,3.2
2021-07-14,2.0,0.714,60.0,Wednesday,7,False,2.3
2021-07-15,1.0,0.679,70.0,Thursday,7,False,3.6
2021-07-16,2.0,0.75,76.0,Friday,7,False,3.3
2021-07-17,2.0,0.786,62.0,Saturday,7,False,2.4
2021-07-18,4.0,0.821,86.0,Sunday,7,False,4.6
2021-07-19,1.0,0.679,41.0,Monday,7,False,0.7
2021-07-20,,0.75,91.0,Tuesday,7,False,5.4
2021-07-21,2.0,0.786,43.0,Wednesday,7,False,1.9
2021-07-22,2.0,0.821,74.0,Thursday,7,False,2.9
2021-07-23,0.0,0.714,53.0,Friday,7,False,3.3
2021-07-24,2.0,0.714,60.0,Saturday,7,False,2.3
2021-07-25,1.0,0.714,61.0,Sunday,7,False,2.1
2021-07-26,2.0,0.75,58.0,Monday,7,False,3.2
2021-07-27,3.0,0.821,74.0,Tuesday,7,False,3.7
2021-07-28,3.0,0.75,80.0,Wednesday,7,False,
2021-07-29,1.0,0.75,50.0,Thursday,7,False,3.1
2021-07-30,0.0,0.679,,Friday,7,False,1.8
2021-07-31,2.0,0.75,39.0,Saturday,7,False,2.6
2021-08-01,0.0,0.679,32.0,Sunday,8,False,0.6
2021-08-02,0.0,0.714,30.0,Monday,8,False,2.7
2021-08-03,3.0,0.75,75.0,Tuesday,8,False,3.2
2021-08-04,2.0,0.679,71.0,Wednesday,8,False,2.8
2021-08-05,1.0,0.571,46.0,Thursday,8,False,1.6
2021-08-06,2.0,0.5,57.0,Friday,8,False,3.0
2021-08-07,0.0,0.5,44.0,Saturday,8,False,2.9
2021-08-08,1.0,0.393,36.0,Sunday,8,False,2.6
2021-08-09,3.0,0.464,67.0,Monday,8,False,1.4
2021-08-10,0.0,0.393,63.0,Tuesday,8,False,3.8
2021-08-11,0.0,0.429,57.0,Wednesday,8,False,2.3
2021-08-12,2.0,0.464,59.0,Thursday,8,False,1.0
2021-08-13,1.0,0.5,44.0,Friday,8,False,0.4
2021-08-14,0.0,0.357,36.0,Saturday,8,False,2.1
2021-08-15,1.0,0.357,45.0,Sunday,8,False,2.0
2021-08-16,1.0,0.393,52.0,Monday,8,False,2.9
2021-08-17,1.0,0.357,51.0,Tuesday,8,False,6.0
2021-08-18,0.0,0.321,41.0,Wednesday,8,False,2.1
2021-08-19,1.0,0.357,44.0,Thursday,8,False,3.1
2021-08-20,0.0,0.393,41.0,Friday,8,False,2.5
2021-08-21,2.0,0.429,56.0,Saturday,8,False,3.1
2021-08-22,0.0,0.321,44.0,Sunday,8,False,3.1
2021-08-23,0.0,0.286,28.0,Monday,8,False,0.4
2021-08-24,1.0,0.286,69.0,Tuesday,8,False,2.3
2021-08-25,3.0,0.393,86.0,Wednesday,8,False,3.5
2021-08-26,3.0,0.464,87.0,Thursday,8,False,3.1
2021-08-27,2.0,0.5,62.0,Friday,8,False,0.7
2021-08-28,1.0,0.464,62.0,Saturday,8,False,3.0
2021-08-29,0.0,0.464,40.0,Sunday,8,False,1.6
2021-08-30,,0.571,77.0,Monday,8,False,1.8
2021-08-31,3.0,0.607,74.0,Tuesday,8,False,4.5
2021-09-01,0.0,0.643,,Wednesday,9,False,1.0
2021-09-02,1.0,0.571,65.0,Thursday,9,False,1.1
2021-09-03,2.0,0.571,,Friday,9,False,2.2
2021-09-04,0.0,,54.0,Saturday,9,False,1.9
2021-09-05,2.0,0.607,67.0,Sunday,9,False,2.0
2021-09-06,3.0,0.643,67.0,Monday,9,False,2.0
2021-09-07,2.0,,86.0,Tuesday,9,False,3.0
2021-09-08,2.0,0.714,87.0,Wednesday,9,False,2.5
2021-09-09,1.0,0.786,58.0,Thursday,9,False,4.4
2021-09-10,0.0,0.75,69.0,Friday,9,False,3.6
2021-09-11,1.0,0.714,62.0,Saturday,9,False,2.5
2021-09-12,1.0,0.714,50.0,Sunday,9,False,3.9
2021-09-13,0.0,0.714,70.0,Monday,9,False,3.2
2021-09-14,2.0,0.821,76.0,Tuesday,9,False,2.3
2021-09-15,1.0,0.714,,Wednesday,9,False,0.5
2021-09-16,0.0,0.679,44.0,Thursday,9,False,3.0
2021-09-17,5.0,0.821,100.0,Friday,9,False,4.3
2021-09-18,4.0,0.929,93.0,Saturday,9,False,4.7
2021-09-19,1.0,0.821,69.0,Sunday,9,False,2.0
2021-09-20,4.0,0.857,95.0,Monday,9,False,2.6
2021-09-21,2.0,0.893,73.0,Tuesday,9,False,1.9
2021-09-22,2.0,0.821,84.0,Wednesday,9,False,2.3
2021-09-23,1.0,0.821,63.0,Thursday,9,False,1.5
2021-09-24,2.0,0.893,86.0,Friday,9,False,5.4
2021-09-25,0.0,0.857,32.0,Saturday,9,False,0.9
2021-09-26,2.0,0.893,78.0,Sunday,9,False,3.5
2021-09-27,2.0,0.893,82.0,Monday,9,False,2.9
2021-09-28,3.0,0.929,78.0,Tuesday,9,False,4.6
2021-09-29,2.0,1.0,51.0,Wednesday,9,False,1.9
2021-09-30,1.0,0.964,,Thursday,9,False,
2021-10-01,1.0,1.0,70.0,Friday,10,False,2.7
2021-10-02,1.0,0.964,45.0,Saturday,10,False,1.6
2021-10-03,1.0,0.964,83.0,Sunday,10,False,2.9
2021-10-04,2.0,1.0,57.0,Monday,10,False,1.8
2021-10-05,2.0,1.0,85.0,Tuesday,10,False,3.5
2021-10-06,1.0,0.893,75.0,Wednesday,10,False,3.5
2021-10-07,,0.929,59.0,Thursday,10,False,3.7
2021-10-08,2.0,0.964,77.0,Friday,10,False,3.7
2021-10-09,3.0,0.857,80.0,Saturday,10,False,2.2
2021-10-10,3.0,0.929,90.0,Sunday,10,False,4.1
2021-10-11,2.0,0.893,58.0,Monday,10,False,0.4
2021-10-12,0.0,0.786,56.0,Tuesday,10,False,4.2
2021-10-13,3.0,0.964,90.0,Wednesday,10,False,2.0
2021-10-14,0.0,0.821,47.0,Thursday,10,False,1.1
2021-10-15,3.0,0.964,97.0,Friday,10,False,3.2
2021-10-16,0.0,0.893,69.0,Saturday,10,False,1.2
2021-10-17,1.0,0.821,70.0,Sunday,10,False,6.1
2021-10-18,1.0,0.714,54.0,Monday,10,False,1.3
2021-10-19,1.0,0.75,,Tuesday,10,False,3.4
2021-10-20,2.0,0.821,73.0,Wednesday,10,False,4.3
2021-10-21,4.0,0.821,123.0,Thursday,10,False,4.8
2021-10-22,1.0,0.786,53.0,Friday,10,False,4.3
2021-10-23,2.0,0.821,83.0,Saturday,10,False,4.2
2021-10-24,0.0,0.75,39.0,Sunday,10,False,3.5
2021-10-25,2.0,0.786,69.0,Monday,10,False,1.3
2021-10-26,4.0,0.893,107.0,Tuesday,10,False,4.0
2021-10-27,1.0,0.857,61.0,Wednesday,10,False,4.1
2021-10-28,2.0,,79.0,Thursday,10,False,1.0
2021-10-29,0.0,0.857,57.0,Friday,10,False,2.8
2021-10-30,,0.821,69.0,Saturday,10,False,4.7
2021-10-31,0.0,0.75,71.0,Sunday,10,False,1.7
2021-11-01,1.0,0.714,90.0,Monday,11,False,7.2
2021-11-02,1.0,0.643,75.0,Tuesday,11,False,3.6
2021-11-03,1.0,0.679,90.0,Wednesday,11,False,5.5
2021-11-04,0.0,0.643,71.0,Thursday,11,False,1.4
2021-11-05,2.0,0.643,112.0,Friday,11,False,
2021-11-06,1.0,0.643,110.0,Saturday,11,False,3.5
2021-11-07,1.0,0.679,85.0,Sunday,11,False,3.4
2021-11-08,4.0,0.857,140.0,Monday,11,False,5.6
2021-11-09,0.0,0.714,86.0,Tuesday,11,False,2.8
2021-11-10,0.0,0.536,78.0,Wednesday,11,False,4.7
2021-11-11,1.0,0.571,81.0,Thursday,11,False,
2021-11-12,0.0,0.536,78.0,Friday,11,False,4.0
2021-11-13,2.0,0.5,94.0,Saturday,11,False,4.1
2021-11-14,0.0,0.429,74.0,Sunday,11,False,3.7
2021-11-15,1.0,0.536,87.0,Monday,11,False,3.7
2021-11-16,1.0,0.464,83.0,Tuesday,11,False,3.1
2021-11-17,2.0,0.5,85.0,Wednesday,11,False,
2021-11-18,1.0,0.536,94.0,Thursday,11,False,4.2
2021-11-19,0.0,0.464,99.0,Friday,11,False,5.8
2021-11-20,,0.429,75.0,Saturday,11,False,4.1
2021-11-21,0.0,0.393,60.0,Sunday,11,False,4.8
2021-11-22,3.0,0.464,107.0,Monday,11,False,4.6
2021-11-23,2.0,,109.0,Tuesday,11,False,5.3
2021-11-24,1.0,0.536,84.0,Wednesday,11,False,2.4
2021-11-25,1.0,0.536,,Thursday,11,False,3.6
2021-11-26,1.0,,99.0,Friday,11,False,
2021-11-27,3.0,0.714,121.0,Saturday,11,False,5.7
2021-11-28,4.0,0.964,131.0,Sunday,11,False,5.1
2021-11-29,1.0,0.929,86.0,Monday,11,False,3.6
2021-11-30,0.0,0.893,93.0,Tuesday,11,False,4.0
2021-12-01,1.0,0.857,109.0,Wednesday,12,False,4.3
2021-12-02,1.0,0.714,77.0,Thursday,12,False,4.0
2021-12-03,1.0,0.714,96.0,Friday,12,False,2.4
2021-12-04,2.0,0.75,115.0,Saturday,12,False,3.4
2021-12-05,3.0,1.0,120.0,Sunday,12,False,6.6
2021-12-06,1.0,0.893,77.0,Monday,12,False,2.7
2021-12-07,3.0,1.0,130.0,Tuesday,12,False,6.5
2021-12-08,1.0,1.0,88.0,Wednesday,12,False,3.5
2021-12-09,2.0,1.071,99.0,Thursday,12,False,4.5
2021-12-10,3.0,1.0,119.0,Friday,12,False,6.7
2021-12-11,0.0,0.857,74.0,Saturday,12,False,3.8
2021-12-12,0.0,0.821,66.0,Sunday,12,False,0.4
2021-12-13,3.0,0.929,111.0,Monday,12,False,4.6
2021-12-14,0.0,0.893,94.0,Tuesday,12,False,2.7
2021-12-15,3.0,1.0,108.0,Wednesday,12,False,4.9
2021-12-16,2.0,1.071,87.0,Thursday,12,False,2.6
2021-12-17,1.0,1.107,88.0,Friday,12,False,3.4
2021-12-18,0.0,0.929,81.0,Saturday,12,False,3.6
2021-12-19,1.0,0.821,85.0,Sunday,12,False,3.7
2021-12-20,0.0,0.786,94.0,Monday,12,False,3.7
2021-12-21,4.0,0.893,97.0,Tuesday,12,False,3.8
2021-12-22,0.0,0.786,79.0,Wednesday,12,False,2.5
2021-12-23,1.0,0.857,62.0,Thursday,12,False,4.1
2021-12-24,1.0,0.857,94.0,Friday,12,False,2.4
2021-12-25,1.0,0.75,76.0,Saturday,12,True,2.9
2021-12-26,2.0,0.714,95.0,Sunday,12,True,4.4
2021-12-27,2.0,0.714,101.0,Monday,12,False,5.0
2021-12-28,1.0,0.679,95.0,Tuesday,12,False,2.9
2021-12-29,0.0,0.714,71.0,Wednesday,12,False,2.1
2021-12-30,1.0,0.607,103.0,Thursday,12,False,
2021-12-31,0.0,0.607,96.0,Friday,12,False,5.2
2022-01-01,4.0,0.679,111.0,Saturday,1,True,2.4
2022-01-02,1.0,0.607,79.0,Sunday,1,False,6.2
2022-01-03,1.0,0.607,96.0,Monday,1,False,2.4
2022-01-04,2.0,0.607,86.0,Tuesday,1,False,1.4
2022-01-05,0.0,0.643,80.0,Wednesday,1,False,4.5
2022-01-06,1.0,0.643,82.0,Thursday,1,False,0.6
2022-01-07,1.0,0.679,90.0,Friday,1,False,3.7
2022-01-08,,0.679,132.0,Saturday,1,False,5.4
2022-01-09,4.0,0.821,115.0,Sunday,1,False,3.4
2022-01-10,1.0,0.821,100.0,Monday,1,False,4.1
2022-01-11,4.0,0.821,120.0,Tuesday,1,False,6.3
2022-01-12,5.0,1.0,121.0,Wednesday,1,False,6.5
2022-01-13,1.0,1.107,93.0,Thursday,1,False,
2022-01-14,1.0,1.143,96.0,Friday,1,False,4.2
2022-01-15,0.0,1.143,63.0,Saturday,1,False,4.0
2022-01-16,0.0,1.143,89.0,Sunday,1,False,5.8
2022-01-17,1.0,1.107,97.0,Monday,1,False,1.6
2022-01-18,2.0,1.071,114.0,Tuesday,1,False,4.2
2022-01-19,1.0,1.0,93.0,Wednesday,1,False,3.9
2022-01-20,1.0,0.893,82.0,Thursday,1,False,6.5
2022-01-21,1.0,0.857,83.0,Friday,1,False,2.3
2022-01-22,2.0,0.857,110.0,Saturday,1,False,5.3
2022-01-23,3.0,0.929,110.0,Sunday,1,False,4.4
2022-01-24,4.0,1.0,91.0,Monday,1,False,5.2
2022-01-25,1.0,0.964,76.0,Tuesday,1,False,3.9
2022-01-26,2.0,1.036,98.0,Wednesday,1,False,6.0
2022-01-27,1.0,0.964,78.0,Thursday,1,False,3.7
2022-01-28,1.0,0.929,106.0,Friday,1,False,3.1
2022-01-29,2.0,0.857,98.0,Saturday,1,False,2.4
2022-01-30,0.0,0.857,78.0,Sunday,1,False,
2022-01-31,2.0,0.893,93.0,Monday,1,False,2.8
2022-02-01,3.0,0.786,125.0,Tuesday,2,False,5.2
2022-02-02,1.0,0.786,115.0,Wednesday,2,False,
2022-02-03,3.0,0.964,,Thursday,2,False,4.6
2022-02-04,5.0,1.107,141.0,Friday,2,False,7.0
2022-02-05,1.0,1.036,87.0,Saturday,2,False,2.9
2022-02-06,3.0,1.107,116.0,Sunday,2,False,5.1
2022-02-07,3.0,1.214,101.0,Monday,2,False,3.2
2022-02-08,,1.25,115.0,Tuesday,2,False,4.7
2022-02-09,1.0,1.143,91.0,Wednesday,2,False,6.1
2022-02-10,0.0,1.036,63.0,Thursday,2,False,2.5
2022-02-11,2.0,1.107,100.0,Friday,2,False,4.4
2022-02-12,1.0,1.036,73.0,Saturday,2,False,3.8
2022-02-13,2.0,1.036,99.0,Sunday,2,False,2.3
2022-02-14,0.0,0.964,74.0,Monday,2,False,4.7
2022-02-15,1.0,0.964,105.0,Tuesday,2,False,3.7
2022-02-16,5.0,1.071,140.0,Wednesday,2,False,5.9
2022-02-17,2.0,1.036,96.0,Thursday,2,False,2.3
2022-02-18,1.0,,86.0,Friday,2,False,2.7
2022-02-19,1.0,0.786,111.0,Saturday,2,False,4.4
2022-02-20,3.0,0.893,81.0,Sunday,2,False,3.2
2022-02-21,2.0,0.929,108.0,Monday,2,False,4.1
2022-02-22,1.0,0.821,78.0,Tuesday,2,False,3.0
2022-02-23,2.0,0.929,90.0,Wednesday,2,False,3.2
2022-02-24,2.0,0.893,99.0,Thursday,2,False,4.2
2022-02-25,0.0,0.893,95.0,Friday,2,False,2.9
2022-02-26,3.0,0.929,104.0,Saturday,2,False,4.4
2022-02-27,1.0,0.857,99.0,Sunday,2,False,5.0
2022-02-28,0.0,0.964,86.0,Monday,2,False,0.9
2022-03-01,2.0,1.0,98.0,Tuesday,3,False,2.8
2022-03-02,2.0,1.071,94.0,Wednesday,3,False,2.9
2022-03-03,0.0,0.964,65.0,Thursday,3,False,3.8
2022-03-04,2.0,1.036,98.0,Friday,3,False,4.1
2022-03-05,1.0,1.071,,Saturday,3,False,3.5
2022-03-06,2.0,1.0,100.0,Sunday,3,False,2.6
2022-03-07,2.0,1.0,96.0,Monday,3,False,3.1
2022-03-08,0.0,,106.0,Tuesday,3,False,5.1
2022-03-09,2.0,0.893,115.0,Wednesday,3,False,5.3
2022-03-10,0.0,0.893,68.0,Thursday,3,False,3.2
2022-03-11,2.0,0.893,96.0,Friday,3,False,4.3
2022-03-12,0.0,0.857,81.0,Saturday,3,False,3.4
2022-03-13,2.0,0.857,89.0,Sunday,3,False,2.5
2022-03-14,1.0,0.75,85.0,Monday,3,False,3.4
2022-03-15,3.0,0.929,93.0,Tuesday,3,False,4.8
2022-03-16,2.0,0.964,98.0,Wednesday,3,False,2.4
2022-03-17,0.0,0.893,74.0,Thursday,3,False,3.4
2022-03-18,1.0,0.929,77.0,Friday,3,False,2.7
2022-03-19,2.0,0.857,117.0,Saturday,3,False,3.7
2022-03-20,2.0,0.857,105.0,Sunday,3,False,5.0
2022-03-21,0.0,0.786,55.0,Monday,3,False,2.8
2022-03-22,1.0,0.893,88.0,Tuesday,3,False,3.5
2022-03-23,0.0,0.821,93.0,Wednesday,3,False,4.1
2022-03-24,2.0,0.786,97.0,Thursday,3,False,3.4
2022-03-25,0.0,0.714,54.0,Friday,3,False,2.2
2022-03-26,1.0,0.643,110.0,Saturday,3,False,3.2
2022-03-27,0.0,0.536,108.0,Sunday,3,False,4.7
2022-03-28,2.0,,112.0,Monday,3,False,5.6
2022-03-29,1.0,0.786,90.0,Tuesday,3,False,3.9
2022-03-30,1.0,0.786,78.0,Wednesday,3,False,3.3
2022-03-31,2.0,0.786,70.0,Thursday,3,False,3.9
2022-04-01,0.0,0.714,68.0,Friday,4,False,3.6
2022-04-02,1.0,0.786,58.0,Saturday,4,False,4.3
2022-04-03,0.0,0.714,65.0,Sunday,4,False,1.5
2022-04-04,1.0,0.679,80.0,Monday,4,False,3.6
2022-04-05,0.0,0.607,28.0,Tuesday,4,False,4.2
2022-04-06,0.0,0.607,69.0,Wednesday,4,False,4.7
2022-04-07,,0.571,63.0,Thursday,4,False,2.1
2022-04-08,0.0,0.536,61.0,Friday,4,False,3.7
2022-04-09,4.0,0.607,97.0,Saturday,4,False,2.3
2022-04-10,1.0,0.643,65.0,Sunday,4,False,4.7
2022-04-11,1.0,0.714,83.0,Monday,4,False,2.9
2022-04-12,1.0,0.643,64.0,Tuesday,4,False,1.9
2022-04-13,3.0,0.679,89.0,Wednesday,4,False,2.4
2022-04-14,3.0,0.714,83.0,Thursday,4,False,2.0
2022-04-15,1.0,0.679,57.0,Friday,4,True,2.9
2022-04-16,1.0,0.714,77.0,Saturday,4,False,3.8
2022-04-17,3.0,0.893,97.0,Sunday,4,True,5.5
2022-04-18,0.0,0.821,61.0,Monday,4,True,4.1
2022-04-19,0.0,0.75,49.0,Tuesday,4,False,2.0
2022-04-20,4.0,0.857,95.0,Wednesday,4,False,4.2
2022-04-21,0.0,0.75,66.0,Thursday,4,False,0.4
2022-04-22,3.0,0.786,99.0,Friday,4,False,3.8
2022-04-23,1.0,0.786,56.0,Saturday,4,False,4.7
2022-04-24,3.0,0.857,86.0,Sunday,4,False,4.7
2022-04-25,1.0,0.857,67.0,Monday,4,False,2.1
2022-04-26,1.0,0.75,72.0,Tuesday,4,False,4.1
2022-04-27,1.0,0.714,95.0,Wednesday,4,True,
2022-04-28,2.0,0.75,77.0,Thursday,4,False,3.2
2022-04-29,1.0,0.714,82.0,Friday,4,False,4.8
2022-04-30,1.0,0.786,81.0,Saturday,4,False,4.5
2022-05-01,2.0,0.75,99.0,Sunday,5,False,2.8
2022-05-02,0.0,0.679,28.0,Monday,5,False,0.6
2022-05-03,1.0,0.643,74.0,Tuesday,5,False,2.0
2022-05-04,1.0,0.714,51.0,Wednesday,5,False,2.4
2022-05-05,2.0,0.75,67.0,Thursday,5,False,3.2
2022-05-06,3.0,0.857,113.0,Friday,5,False,3.9
2022-05-07,2.0,0.964,57.0,Saturday,5,False,3.2
2022-05-08,0.0,1.0,62.0,Sunday,5,False,0.4
2022-05-09,2.0,1.071,64.0,Monday,5,False,
2022-05-10,0.0,0.893,57.0,Tuesday,5,False,3.6
2022-05-11,0.0,0.821,81.0,Wednesday,5,False,
2022-05-12,3.0,0.893,88.0,Thursday,5,False,6.4
2022-05-13,2.0,0.893,50.0,Friday,5,False,4.5
2022-05-14,0.0,0.857,37.0,Saturday,5,False,1.1
2022-05-15,2.0,0.821,62.0,Sunday,5,False,2.9
2022-05-16,0.0,0.679,77.0,Monday,5,False,2.3
2022-05-17,0.0,0.5,28.0,Tuesday,5,False,1.0
2022-05-18,1.0,0.571,52.0,Wednesday,5,False,4.3
2022-05-19,1.0,0.714,73.0,Thursday,5,False,3.4
2022-05-20,2.0,0.714,79.0,Friday,5,False,4.2
2022-05-21,5.0,0.786,128.0,Saturday,5,False,6.5
2022-05-22,2.0,0.821,67.0,Sunday,5,False,3.4
2022-05-23,2.0,0.929,82.0,Monday,5,False,5.3
2022-05-24,2.0,0.964,81.0,Tuesday,5,False,4.2
2022-05-25,1.0,0.964,67.0,Wednesday,5,False,2.1
2022-05-26,1.0,0.893,72.0,Thursday,5,True,3.4
2022-05-27,2.0,0.893,91.0,Friday,5,False,4.9
2022-05-28,1.0,0.929,58.0,Saturday,5,False,3.1
2022-05-29,1.0,0.893,64.0,Sunday,5,False,2.7
2022-05-30,2.0,0.857,63.0,Monday,5,False,3.0
2022-05-31,1.0,0.786,82.0,Tuesday,5,False,3.2
2022-06-01,2.0,0.857,55.0,Wednesday,6,False,3.7
2022-06-02,1.0,0.893,,Thursday,6,False,1.4
2022-06-03,4.0,0.964,94.0,Friday,6,False,3.9
2022-06-04,4.0,1.036,85.0,Saturday,6,False,4.4
2022-06-05,3.0,1.107,55.0,Sunday,6,True,3.2
2022-06-06,0.0,1.107,33.0,Monday,6,True,2.2
2022-06-07,,1.071,58.0,Tuesday,6,False,1.5
2022-06-08,0.0,1.0,52.0,Wednesday,6,False,1.4
2022-06-09,0.0,1.036,41.0,Thursday,6,False,2.3
2022-06-10,0.0,0.821,30.0,Friday,6,False,2.8
2022-06-11,1.0,0.929,63.0,Saturday,6,False,2.1
2022-06-12,2.0,0.929,52.0,Sunday,6,False,2.7
2022-06-13,0.0,0.75,58.0,Monday,6,False,3.1
2022-06-14,2.0,0.714,56.0,Tuesday,6,False,3.1
2022-06-15,2.0,0.75,55.0,Wednesday,6,False,0.4
2022-06-16,1.0,0.714,52.0,Thursday,6,False,1.6
2022-06-17,1.0,0.643,32.0,Friday,6,False,1.1
2022-06-18,2.0,0.643,49.0,Saturday,6,False,1.5
2022-06-19,1.0,0.714,46.0,Sunday,6,False,1.5
2022-06-20,1.0,0.679,68.0,Monday,6,False,2.1
2022-06-21,0.0,0.607,45.0,Tuesday,6,False,0.4
2022-06-22,3.0,0.643,55.0,Wednesday,6,False,0.7
2022-06-23,3.0,0.75,83.0,Thursday,6,False,2.6
2022-06-24,1.0,0.679,51.0,Friday,6,False,
2022-06-25,0.0,0.679,45.0,Saturday,6,False,1.2
2022-06-26,2.0,0.607,62.0,Sunday,6,False,2.7
2022-06-27,1.0,0.643,53.0,Monday,6,False,2.0
2022-06-28,1.0,0.536,75.0,Tuesday,6,False,2.7
2022-06-29,1.0,0.536,64.0,Wednesday,6,False,4.5
2022-06-30,2.0,0.571,58.0,Thursday,6,False,1.5
2022-07-01,1.0,,65.0,Friday,7,False,3.8
2022-07-02,2.0,,55.0,Saturday,7,False,2.8
2022-07-03,0.0,0.571,28.0,Sunday,7,False,2.7
2022-07-04,2.0,0.571,57.0,Monday,7,False,3.3
2022-07-05,1.0,0.571,63.0,Tuesday,7,False,5.8
2022-07-06,1.0,0.607,68.0,Wednesday,7,False,5.0
2022-07-07,2.0,0.607,96.0,Thursday,7,False,4.5
2022-07-08,1.0,0.643,43.0,Friday,7,False,1.0
2022-07-09,1.0,0.714,65.0,Saturday,7,False,3.7
2022-07-10,4.0,0.929,80.0,Sunday,7,False,
2022-07-11,0.0,0.857,43.0,Monday,7,False,2.9
2022-07-12,3.0,1.0,65.0,Tuesday,7,False,3.8
2022-07-13,3.0,1.0,77.0,Wednesday,7,False,1.9
2022-07-14,2.0,0.929,80.0,Thursday,7,False,1.9
2022-07-15,0.0,0.857,40.0,Friday,7,False,0.7
2022-07-16,3.0,0.964,59.0,Saturday,7,False,2.2
2022-07-17,2.0,0.929,77.0,Sunday,7,False,0.4
2022-07-18,1.0,1.0,67.0,Monday,7,False,4.9
2022-07-19,1.0,0.893,67.0,Tuesday,7,False,3.6
2022-07-20,2.0,0.929,69.0,Wednesday,7,False,3.7
2022-07-21,1.0,0.857,58.0,Thursday,7,False,4.9
2022-07-22,2.0,0.893,80.0,Friday,7,False,4.5
2022-07-23,0.0,0.857,46.0,Saturday,7,False,1.1
2022-07-24,3.0,0.893,81.0,Sunday,7,False,4.2
2022-07-25,3.0,0.964,61.0,Monday,7,False,4.6
2022-07-26,,0.964,70.0,Tuesday,7,False,1.5
2022-07-27,2.0,0.857,75.0,Wednesday,7,False,5.1
2022-07-28,1.0,0.964,34.0,Thursday,7,False,2.8
2022-07-29,1.0,,66.0,Friday,7,False,4.0
2022-07-30,0.0,0.75,50.0,Saturday,7,False,2.4
2022-07-31,2.0,0.714,69.0,Sunday,7,False,3.3
2022-08-01,1.0,0.679,39.0,Monday,8,False,0.4
2022-08-02,2.0,0.571,50.0,Tuesday,8,False,1.5
2022-08-03,2.0,0.643,76.0,Wednesday,8,False,4.0
2022-08-04,1.0,0.643,64.0,Thursday,8,False,3.1
2022-08-05,2.0,0.714,56.0,Friday,8,False,2.4
2022-08-06,1.0,0.75,,Saturday,8,False,1.8
2022-08-07,3.0,0.786,63.0,Sunday,8,False,3.9
2022-08-08,1.0,0.786,64.0,Monday,8,False,4.6
2022-08-09,2.0,0.857,67.0,Tuesday,8,False,2.3
2022-08-10,4.0,0.893,,Wednesday,8,False,1.2
2022-08-11,2.0,0.929,50.0,Thursday,8,False,2.9
2022-08-12,3.0,1.0,59.0,Friday,8,False,4.6
2022-08-13,4.0,1.036,90.0,Saturday,8,False,4.6
2022-08-14,2.0,1.071,70.0,Sunday,8,False,3.1
2022-08-15,1.0,0.964,39.0,Monday,8,False,1.2
2022-08-16,2.0,0.786,51.0,Tuesday,8,False,4.8
2022-08-17,2.0,,62.0,Wednesday,8,False,1.8
2022-08-18,2.0,0.571,92.0,Thursday,8,False,3.7
2022-08-19,0.0,0.571,60.0,Friday,8,False,1.6
2022-08-20,0.0,0.464,,Saturday,8,False,2.5
2022-08-21,2.0,0.5,54.0,Sunday,8,False,2.4
2022-08-22,0.0,0.607,62.0,Monday,8,False,2.2
2022-08-23,3.0,0.75,,Tuesday,8,False,4.1
2022-08-24,2.0,0.821,54.0,Wednesday,8,False,0.8
2022-08-25,0.0,0.893,28.0,Thursday,8,False,1.7
2022-08-26,0.0,0.857,50.0,Friday,8,False,1.8
2022-08-27,1.0,0.857,65.0,Saturday,8,False,4.4
2022-08-28,3.0,0.929,,Sunday,8,False,3.4
2022-08-29,1.0,0.964,42.0,Monday,8,False,1.2
2022-08-30,1.0,0.964,43.0,Tuesday,8,False,0.8
2022-08-31,1.0,0.857,45.0,Wednesday,8,False,3.0
2022-09-01,1.0,0.929,46.0,Thursday,9,False,2.5
2022-09-02,3.0,1.0,84.0,Friday,9,False,4.6
2022-09-03,1.0,0.964,52.0,Saturday,9,False,2.5
2022-09-04,1.0,0.75,57.0,Sunday,9,False,2.8
2022-09-05,,0.75,83.0,Monday,9,False,3.7
2022-09-06,2.0,0.786,69.0,Tuesday,9,False,
2022-09-07,3.0,0.821,76.0,Wednesday,9,False,3.3
2022-09-08,2.0,0.643,77.0,Thursday,9,False,4.9
2022-09-09,1.0,0.643,66.0,Friday,9,False,2.1
2022-09-10,0.0,0.536,35.0,Saturday,9,False,3.5
2022-09-11,1.0,0.571,65.0,Sunday,9,False,3.8
2022-09-12,1.0,0.571,68.0,Monday,9,False,1.7
2022-09-13,0.0,0.536,38.0,Tuesday,9,False,1.7
2022-09-14,3.0,0.571,96.0,Wednesday,9,False,5.7
2022-09-15,4.0,0.714,84.0,Thursday,9,False,4.3
2022-09-16,1.0,0.714,59.0,Friday,9,False,1.9
2022-09-17,5.0,0.786,107.0,Saturday,9,False,3.0
2022-09-18,0.0,0.786,42.0,Sunday,9,False,0.9
2022-09-19,0.0,0.679,46.0,Monday,9,False,2.9
2022-09-20,0.0,0.679,62.0,Tuesday,9,False,0.4
2022-09-21,0.0,0.607,82.0,Wednesday,9,False,5.8
2022-09-22,1.0,0.536,51.0,Thursday,9,False,
2022-09-23,0.0,0.464,70.0,Friday,9,False,2.8
2022-09-24,2.0,0.464,82.0,Saturday,9,False,3.2
2022-09-25,3.0,0.536,,Sunday,9,False,2.9
2022-09-26,2.0,0.607,72.0,Monday,9,False,1.7
2022-09-27,1.0,0.571,81.0,Tuesday,9,False,3.5
2022-09-28,0.0,0.571,67.0,Wednesday,9,False,2.5
2022-09-29,1.0,0.714,79.0,Thursday,9,False,5.0
2022-09-30,0.0,0.714,32.0,Friday,9,False,2.5
2022-10-01,1.0,0.679,79.0,Saturday,10,False,4.6
2022-10-02,1.0,0.714,73.0,Sunday,10,False,4.3
2022-10-03,0.0,0.679,57.0,Monday,10,False,1.4
2022-10-04,2.0,0.679,97.0,Tuesday,10,False,1.5
2022-10-05,0.0,0.679,78.0,Wednesday,10,False,3.9
2022-10-06,0.0,0.679,66.0,Thursday,10,False,2.6
2022-10-07,4.0,0.75,122.0,Friday,10,False,4.0
2022-10-08,1.0,0.679,47.0,Saturday,10,False,4.5
2022-10-09,1.0,,72.0,Sunday,10,False,5.3
2022-10-10,4.0,0.786,99.0,Monday,10,False,5.0
2022-10-11,1.0,0.857,,Tuesday,10,False,2.6
2022-10-12,0.0,0.714,40.0,Wednesday,10,False,0.9
2022-10-13,0.0,,62.0,Thursday,10,False,4.0
2022-10-14,0.0,0.536,60.0,Friday,10,False,1.4
2022-10-15,1.0,0.464,89.0,Saturday,10,False,1.7
2022-10-16,0.0,0.464,34.0,Sunday,10,False,2.4
2022-10-17,1.0,0.393,69.0,Monday,10,False,2.3
2022-10-18,2.0,0.429,71.0,Tuesday,10,False,5.6
2022-10-19,4.0,0.536,101.0,Wednesday,10,False,6.1
2022-10-20,0.0,0.464,63.0,Thursday,10,False,4.2
2022-10-21,1.0,0.429,76.0,Friday,10,False,4.7
2022-10-22,0.0,0.286,70.0,Saturday,10,False,1.5
2022-10-23,0.0,0.321,98.0,Sunday,10,False,4.8
2022-10-24,2.0,0.393,98.0,Monday,10,False,3.7
2022-10-25,0.0,0.429,65.0,Tuesday,10,False,3.7
2022-10-26,2.0,0.536,76.0,Wednesday,10,False,4.8
2022-10-27,1.0,0.536,67.0,Thursday,10,False,2.7
2022-10-28,2.0,0.571,79.0,Friday,10,False,2.9
2022-10-29,1.0,0.643,62.0,Saturday,10,False,1.4
2022-10-30,4.0,0.821,96.0,Sunday,10,False,3.3
2022-10-31,,0.893,65.0,Monday,10,False,0.4
2022-11-01,5.0,0.929,123.0,Tuesday,11,False,2.4
2022-11-02,0.0,0.857,78.0,Wednesday,11,False,5.3
2022-11-03,2.0,0.821,102.0,Thursday,11,False,3.3
2022-11-04,1.0,0.786,97.0,Friday,11,False,7.5
2022-11-05,2.0,0.857,93.0,Saturday,11,False,3.4
2022-11-06,0.0,0.857,62.0,Sunday,11,False,1.7
2022-11-07,1.0,0.857,94.0,Monday,11,False,
2022-11-08,1.0,0.786,86.0,Tuesday,11,False,4.1
2022-11-09,0.0,0.643,76.0,Wednesday,11,False,3.3
2022-11-10,2.0,0.643,89.0,Thursday,11,False,5.0
2022-11-11,2.0,0.571,94.0,Friday,11,False,2.6
2022-11-12,1.0,0.571,97.0,Saturday,11,False,3.5
2022-11-13,1.0,0.571,106.0,Sunday,11,False,3.7
2022-11-14,0.0,0.571,85.0,Monday,11,False,5.9
2022-11-15,4.0,0.714,,Tuesday,11,False,5.1
2022-11-16,1.0,0.714,84.0,Wednesday,11,False,2.0
2022-11-17,0.0,0.679,67.0,Thursday,11,False,4.2
2022-11-18,3.0,0.75,98.0,Friday,11,False,2.1
2022-11-19,0.0,0.75,81.0,Saturday,11,False,3.3
2022-11-20,3.0,0.786,94.0,Sunday,11,False,4.1
2022-11-21,2.0,0.821,97.0,Monday,11,False,2.8
2022-11-22,3.0,0.821,117.0,Tuesday,11,False,4.9
2022-11-23,0.0,0.857,102.0,Wednesday,11,False,4.1
2022-11-24,1.0,0.893,87.0,Thursday,11,False,4.0
2022-11-25,2.0,0.893,91.0,Friday,11,False,2.7
2022-11-26,0.0,0.821,62.0,Saturday,11,False,2.1
2022-11-27,,0.857,99.0,Sunday,11,False,4.2
2022-11-28,2.0,0.857,98.0,Monday,11,False,4.0
2022-11-29,0.0,0.714,84.0,Tuesday,11,False,2.6
2022-11-30,5.0,,145.0,Wednesday,11,False,5.5
2022-12-01,2.0,0.786,97.0,Thursday,12,False,2.2
2022-12-02,0.0,0.857,86.0,Friday,12,False,4.5
2022-12-03,2.0,0.679,95.0,Saturday,12,False,2.6
2022-12-04,0.0,0.643,74.0,Sunday,12,False,4.8
2022-12-05,0.0,0.571,63.0,Monday,12,False,2.5
2022-12-06,1.0,0.571,95.0,Tuesday,12,False,3.1
2022-12-07,2.0,0.714,78.0,Wednesday,12,False,1.9
2022-12-08,3.0,0.857,114.0,Thursday,12,False,5.9
2022-12-09,3.0,1.036,108.0,Friday,12,False,6.0
2022-12-10,1.0,1.0,93.0,Saturday,12,False,5.1
2022-12-11,0.0,1.036,67.0,Sunday,12,False,1.8
2022-12-12,3.0,1.107,92.0,Monday,12,False,2.5
2022-12-13,0.0,0.964,86.0,Tuesday,12,False,2.1
2022-12-14,3.0,1.036,111.0,Wednesday,12,False,3.9
2022-12-15,2.0,0.964,100.0,Thursday,12,False,3.9
2022-12-16,1.0,1.0,79.0,Friday,12,False,3.8
2022-12-17,,1.036,90.0,Saturday,12,False,5.7
2022-12-18,1.0,0.964,75.0,Sunday,12,False,4.1
2022-12-19,1.0,1.0,94.0,Monday,12,False,2.4
2022-12-20,1.0,0.964,92.0,Tuesday,12,False,2.9
2022-12-21,1.0,0.857,98.0,Wednesday,12,False,4.7
2022-12-22,0.0,0.786,84.0,Thursday,12,False,3.3
2022-12-23,1.0,0.821,86.0,Friday,12,False,3.4
2022-12-24,3.0,0.893,113.0,Saturday,12,False,4.7
2022-12-25,2.0,0.893,99.0,Sunday,12,True,3.0
2022-12-26,3.0,0.929,113.0,Monday,12,True,3.9
2022-12-27,0.0,0.857,93.0,Tuesday,12,False,4.1
2022-12-28,1.0,0.821,91.0,Wednesday,12,False,3.5
2022-12-29,3.0,0.857,108.0,Thursday,12,False,3.1
2022-12-30,1.0,0.893,73.0,Friday,12,False,2.0
2022-12-31,0.0,0.714,83.0,Saturday,12,False,4.0
2023-01-01,1.0,0.75,79.0,Sunday,1,True,4.7
2023-01-02,1.0,0.786,111.0,Monday,1,False,5.8
2023-01-03,2.0,0.714,99.0,Tuesday,1,False,4.8
2023-01-04,0.0,0.607,85.0,Wednesday,1,False,3.9
2023-01-05,2.0,0.643,123.0,Thursday,1,False,7.8
2023-01-06,2.0,0.714,98.0,Friday,1,False,2.9
2023-01-07,1.0,0.75,113.0,Saturday,1,False,5.9
2023-01-08,1.0,0.786,95.0,Sunday,1,False,4.2
2023-01-09,5.0,0.821,118.0,Monday,1,False,4.7
2023-01-10,0.0,0.75,101.0,Tuesday,1,False,5.2
2023-01-11,1.0,0.786,92.0,Wednesday,1,False,6.1
2023-01-12,1.0,0.821,86.0,Thursday,1,False,2.9
2023-01-13,2.0,0.857,94.0,Friday,1,False,4.8
2023-01-14,2.0,0.857,91.0,Saturday,1,False,4.0
2023-01-15,1.0,0.821,75.0,Sunday,1,False,4.6
2023-01-16,1.0,0.893,96.0,Monday,1,False,5.1
2023-01-17,2.0,0.857,99.0,Tuesday,1,False,3.6
2023-01-18,1.0,0.786,75.0,Wednesday,1,False,4.6
2023-01-19,5.0,1.071,132.0,Thursday,1,False,3.8
2023-01-20,0.0,1.0,80.0,Friday,1,False,1.6
2023-01-21,1.0,,97.0,Saturday,1,False,2.7
2023-01-22,2.0,0.857,78.0,Sunday,1,False,4.3
2023-01-23,2.0,0.857,99.0,Monday,1,False,3.5
2023-01-24,1.0,0.821,74.0,Tuesday,1,False,3.6
2023-01-25,1.0,0.893,107.0,Wednesday,1,False,
2023-01-26,1.0,0.857,96.0,Thursday,1,False,4.4
2023-01-27,1.0,0.929,96.0,Friday,1,False,3.4
2023-01-28,1.0,0.821,75.0,Saturday,1,False,4.1
2023-01-29,2.0,0.821,97.0,Sunday,1,False,6.7
2023-01-30,1.0,0.857,62.0,Monday,1,False,1.7
2023-01-31,0.0,0.821,71.0,Tuesday,1,False,5.1
2023-02-01,0.0,0.821,83.0,Wednesday,2,False,4.6
2023-02-02,3.0,0.893,103.0,Thursday,2,False,5.6
2023-02-03,4.0,1.071,138.0,Friday,2,False,5.3
2023-02-04,3.0,1.107,89.0,Saturday,2,False,5.0
2023-02-05,2.0,1.214,91.0,Sunday,2,False,5.6
2023-02-06,1.0,1.25,92.0,Monday,2,False,2.8
2023-02-07,1.0,1.214,111.0,Tuesday,2,False,2.3
2023-02-08,1.0,1.179,71.0,Wednesday,2,False,4.4
2023-02-09,,1.179,97.0,Thursday,2,False,2.6
2023-02-10,1.0,1.214,121.0,Friday,2,False,5.1
2023-02-11,1.0,1.0,103.0,Saturday,2,False,3.9
2023-02-12,2.0,0.821,103.0,Sunday,2,False,1.6
2023-02-13,1.0,0.821,98.0,Monday,2,False,3.4
2023-02-14,0.0,0.714,88.0,Tuesday,2,False,2.4
2023-02-15,3.0,0.75,112.0,Wednesday,2,False,3.8
2023-02-16,4.0,,131.0,Thursday,2,False,3.1
2023-02-17,1.0,0.821,101.0,Friday,2,False,3.5
2023-02-18,1.0,0.786,90.0,Saturday,2,False,4.3
2023-02-19,1.0,0.857,98.0,Sunday,2,False,3.8
2023-02-20,3.0,0.929,114.0,Monday,2,False,4.0
2023-02-21,1.0,0.929,91.0,Tuesday,2,False,
2023-02-22,4.0,0.929,122.0,Wednesday,2,False,
2023-02-23,5.0,1.143,130.0,Thursday,2,False,6.9
2023-02-24,3.0,1.321,102.0,Friday,2,False,5.1
2023-02-25,1.0,1.25,105.0,Saturday,2,False,5.4
2023-02-26,2.0,1.393,98.0,Sunday,2,False,2.7
2023-02-27,3.0,1.464,141.0,Monday,2,False,4.7
2023-02-28,0.0,1.393,90.0,Tuesday,2,False,4.1
2023-03-01,6.0,1.464,145.0,Wednesday,3,False,4.8
2023-03-02,1.0,1.286,77.0,Thursday,3,False,3.5
2023-03-03,1.0,1.179,75.0,Friday,3,False,5.2
2023-03-04,4.0,1.179,145.0,Saturday,3,False,4.5
2023-03-05,3.0,1.179,112.0,Sunday,3,False,3.9
2023-03-06,1.0,1.107,87.0,Monday,3,False,6.4
2023-03-07,3.0,1.179,106.0,Tuesday,3,False,4.5
2023-03-08,1.0,1.0,93.0,Wednesday,3,False,3.8
2023-03-09,3.0,1.071,108.0,Thursday,3,False,3.4
2023-03-10,1.0,1.107,87.0,Friday,3,False,2.2
2023-03-11,1.0,1.071,79.0,Saturday,3,False,3.5
2023-03-12,2.0,,91.0,Sunday,3,False,3.8
2023-03-13,1.0,,97.0,Monday,3,False,3.2
2023-03-14,1.0,0.821,89.0,Tuesday,3,False,3.7
2023-03-15,2.0,0.857,126.0,Wednesday,3,False,4.8
2023-03-16,3.0,0.893,103.0,Thursday,3,False,3.4
2023-03-17,2.0,0.893,89.0,Friday,3,False,4.7
2023-03-18,2.0,0.786,95.0,Saturday,3,False,3.2
2023-03-19,0.0,0.893,63.0,Sunday,3,False,3.8
2023-03-20,1.0,0.857,87.0,Monday,3,False,3.0
2023-03-21,0.0,0.786,87.0,Tuesday,3,False,3.3
2023-03-22,0.0,0.714,65.0,Wednesday,3,False,3.1
2023-03-23,1.0,0.821,86.0,Thursday,3,False,5.2
2023-03-24,2.0,0.714,112.0,Friday,3,False,6.5
2023-03-25,1.0,0.714,116.0,Saturday,3,False,5.4
2023-03-26,0.0,0.679,76.0,Sunday,3,False,4.2
2023-03-27,3.0,0.714,136.0,Monday,3,False,4.3
2023-03-28,1.0,0.714,79.0,Tuesday,3,False,4.0
2023-03-29,3.0,0.893,97.0,Wednesday,3,False,4.6
2023-03-30,1.0,0.786,90.0,Thursday,3,False,5.9
2023-03-31,2.0,0.679,99.0,Friday,3,False,4.9
2023-04-01,1.0,,73.0,Saturday,4,False,3.0
2023-04-02,4.0,0.75,88.0,Sunday,4,False,
2023-04-03,0.0,0.786,59.0,Monday,4,False,2.2
2023-04-04,2.0,0.786,83.0,Tuesday,4,False,2.4
2023-04-05,3.0,0.893,82.0,Wednesday,4,False,
2023-04-06,2.0,0.893,82.0,Thursday,4,False,2.9
2023-04-07,1.0,0.929,61.0,Friday,4,True,2.0
2023-04-08,,0.964,72.0,Saturday,4,False,1.6
2023-04-09,2.0,0.929,87.0,Sunday,4,True,4.1
2023-04-10,1.0,0.857,46.0,Monday,4,True,3.0
2023-04-11,3.0,0.857,98.0,Tuesday,4,False,5.1
2023-04-12,1.0,0.786,53.0,Wednesday,4,False,1.9
2023-04-13,1.0,0.643,96.0,Thursday,4,False,5.0
2023-04-14,1.0,0.643,57.0,Friday,4,False,2.9
2023-04-15,0.0,0.643,50.0,Saturday,4,False,2.5
2023-04-16,4.0,0.679,84.0,Sunday,4,False,0.7
2023-04-17,2.0,0.714,89.0,Monday,4,False,7.5
2023-04-18,2.0,0.643,,Tuesday,4,False,3.8
2023-04-19,1.0,0.571,54.0,Wednesday,4,False,3.3
2023-04-20,2.0,0.607,96.0,Thursday,4,False,
2023-04-21,3.0,0.786,90.0,Friday,4,False,3.6
2023-04-22,4.0,0.857,100.0,Saturday,4,False,3.4
2023-04-23,0.0,0.75,70.0,Sunday,4,False,3.3
2023-04-24,2.0,0.821,81.0,Monday,4,False,4.8
2023-04-25,1.0,0.893,78.0,Tuesday,4,False,4.3
2023-04-26,1.0,0.964,75.0,Wednesday,4,False,2.6
2023-04-27,1.0,0.964,79.0,Thursday,4,True,3.3
2023-04-28,3.0,0.929,100.0,Friday,4,False,7.4
2023-04-29,1.0,0.893,,Saturday,4,False,3.4
2023-04-30,1.0,0.821,73.0,Sunday,4,False,3.3
2023-05-01,1.0,0.857,72.0,Monday,5,False,2.6
2023-05-02,1.0,0.679,47.0,Tuesday,5,False,1.0
2023-05-03,4.0,0.643,93.0,Wednesday,5,False,2.8
2023-05-04,0.0,0.643,63.0,Thursday,5,False,3.9
2023-05-05,,0.571,,Friday,5,False,5.1
2023-05-06,3.0,0.679,78.0,Saturday,5,False,2.0
2023-05-07,2.0,0.714,77.0,Sunday,5,False,5.6
2023-05-08,0.0,0.821,56.0,Monday,5,False,2.9
2023-05-09,0.0,0.679,47.0,Tuesday,5,False,1.3
2023-05-10,1.0,0.679,91.0,Wednesday,5,False,3.4
2023-05-11,0.0,0.571,28.0,Thursday,5,False,0.4
2023-05-12,1.0,,63.0,Friday,5,False,3.7
2023-05-13,1.0,0.75,76.0,Saturday,5,False,4.5
2023-05-14,1.0,0.679,88.0,Sunday,5,False,3.9
2023-05-15,2.0,0.821,69.0,Monday,5,False,2.9
2023-05-16,2.0,0.857,71.0,Tuesday,5,False,2.8
2023-05-17,3.0,0.893,77.0,Wednesday,5,False,4.4
2023-05-18,1.0,0.893,62.0,Thursday,5,True,2.9
2023-05-19,4.0,1.0,112.0,Friday,5,False,3.3
2023-05-20,4.0,1.143,93.0,Saturday,5,False,5.1
2023-05-21,3.0,1.25,,Sunday,5,False,4.2
2023-05-22,3.0,1.321,93.0,Monday,5,False,4.7
2023-05-23,3.0,1.286,80.0,Tuesday,5,False,5.3
2023-05-24,2.0,1.357,75.0,Wednesday,5,False,2.0
2023-05-25,2.0,1.107,52.0,Thursday,5,False,0.4
2023-05-26,0.0,1.036,45.0,Friday,5,False,0.4
2023-05-27,2.0,0.893,78.0,Saturday,5,False,5.2
2023-05-28,,,40.0,Sunday,5,True,2.8
2023-05-29,3.0,1.0,95.0,Monday,5,True,3.4
2023-05-30,1.0,0.893,71.0,Tuesday,5,False,1.4
2023-05-31,3.0,0.893,105.0,Wednesday,5,False,6.1
2023-06-01,1.0,0.786,42.0,Thursday,6,False,4.3
2023-06-02,1.0,0.714,55.0,Friday,6,False,3.5
2023-06-03,,0.714,,Saturday,6,False,2.2
2023-06-04,3.0,0.75,72.0,Sunday,6,False,2.2
2023-06-05,2.0,0.786,71.0,Monday,6,False,4.2
2023-06-06,3.0,0.75,79.0,Tuesday,6,False,1.7
2023-06-07,1.0,0.679,54.0,Wednesday,6,False,0.4
2023-06-08,0.0,0.714,33.0,Thursday,6,False,2.3
2023-06-09,1.0,0.679,58.0,Friday,6,False,2.5
2023-06-10,2.0,0.679,73.0,Saturday,6,False,2.3
2023-06-11,1.0,0.571,59.0,Sunday,6,False,3.2
2023-06-12,1.0,0.607,55.0,Monday,6,False,0.9
2023-06-13,1.0,0.607,73.0,Tuesday,6,False,3.1
2023-06-14,2.0,,70.0,Wednesday,6,False,
2023-06-15,2.0,0.679,82.0,Thursday,6,False,4.0
2023-06-16,1.0,0.607,47.0,Friday,6,False,2.9
2023-06-17,0.0,0.643,33.0,Saturday,6,False,1.8
2023-06-18,3.0,0.679,,Sunday,6,False,1.9
2023-06-19,1.0,0.679,55.0,Monday,6,False,2.3
2023-06-20,1.0,0.679,59.0,Tuesday,6,False,0.9
2023-06-21,0.0,0.607,30.0,Wednesday,6,False,1.9
2023-06-22,1.0,0.607,58.0,Thursday,6,False,3.5
2023-06-23,0.0,0.536,30.0,Friday,6,False,1.5
2023-06-24,1.0,0.5,60.0,Saturday,6,False,2.7
2023-06-25,0.0,0.5,39.0,Sunday,6,False,2.6
2023-06-26,2.0,0.571,44.0,Monday,6,False,0.7
2023-06-27,1.0,0.607,38.0,Tuesday,6,False,0.7
2023-06-28,2.0,0.464,59.0,Wednesday,6,False,1.0
2023-06-29,4.0,0.643,96.0,Thursday,6,False,3.5
2023-06-30,1.0,0.679,39.0,Friday,6,False,1.9
2023-07-01,2.0,0.75,80.0,Saturday,7,False,5.4
2023-07-02,3.0,0.821,75.0,Sunday,7,False,3.6
2023-07-03,4.0,0.929,119.0,Monday,7,False,6.9
2023-07-04,1.0,0.75,67.0,Tuesday,7,False,1.1
2023-07-05,0.0,0.75,53.0,Wednesday,7,False,1.9
2023-07-06,5.0,0.893,102.0,Thursday,7,False,3.1
2023-07-07,2.0,0.893,43.0,Friday,7,False,2.1
2023-07-08,1.0,,70.0,Saturday,7,False,2.9
2023-07-09,2.0,0.893,80.0,Sunday,7,False,3.2
2023-07-10,0.0,0.857,54.0,Monday,7,False,1.7
2023-07-11,2.0,0.821,50.0,Tuesday,7,False,4.4
2023-07-12,0.0,0.75,59.0,Wednesday,7,False,2.3
2023-07-13,1.0,0.714,71.0,Thursday,7,False,1.3
2023-07-14,1.0,0.714,41.0,Friday,7,False,0.4
2023-07-15,0.0,,42.0,Saturday,7,False,2.8
2023-07-16,1.0,0.643,47.0,Sunday,7,False,2.3
2023-07-17,1.0,0.607,73.0,Monday,7,False,1.9
2023-07-18,0.0,0.643,67.0,Tuesday,7,False,1.8
2023-07-19,1.0,0.643,55.0,Wednesday,7,False,4.1
2023-07-20,2.0,0.571,70.0,Thursday,7,False,2.6
2023-07-21,1.0,0.714,48.0,Friday,7,False,
2023-07-22,1.0,0.643,31.0,Saturday,7,False,0.4
2023-07-23,1.0,0.571,64.0,Sunday,7,False,4.0
2023-07-24,3.0,0.643,91.0,Monday,7,False,3.5
2023-07-25,2.0,0.536,76.0,Tuesday,7,False,3.0
2023-07-26,1.0,0.536,63.0,Wednesday,7,False,3.0
2023-07-27,,0.607,71.0,Thursday,7,False,4.8
2023-07-28,1.0,0.607,,Friday,7,False,1.1
2023-07-29,0.0,0.5,59.0,Saturday,7,False,3.7
2023-07-30,1.0,0.429,51.0,Sunday,7,False,1.9
2023-07-31,0.0,0.429,52.0,Monday,7,False,3.1
2023-08-01,0.0,0.464,34.0,Tuesday,8,False,1.0
2023-08-02,1.0,0.464,53.0,Wednesday,8,False,1.2
2023-08-03,1.0,0.464,55.0,Thursday,8,False,4.0
2023-08-04,0.0,0.5,43.0,Friday,8,False,4.7
2023-08-05,5.0,0.643,115.0,Saturday,8,False,1.9
2023-08-06,0.0,0.643,44.0,Sunday,8,False,4.7
2023-08-07,1.0,0.607,68.0,Monday,8,False,3.8
2023-08-08,0.0,0.571,38.0,Tuesday,8,False,1.6
2023-08-09,2.0,,58.0,Wednesday,8,False,2.8
2023-08-10,2.0,0.821,54.0,Thursday,8,False,2.3
2023-08-11,1.0,0.786,47.0,Friday,8,False,0.8
2023-08-12,0.0,0.857,58.0,Saturday,8,False,0.4
2023-08-13,2.0,0.821,61.0,Sunday,8,False,4.6
2023-08-14,2.0,0.857,68.0,Monday,8,False,2.4
2023-08-15,1.0,0.821,48.0,Tuesday,8,False,2.4
2023-08-16,4.0,0.857,80.0,Wednesday,8,False,2.4
2023-08-17,0.0,0.786,53.0,Thursday,8,False,2.6
2023-08-18,1.0,0.75,40.0,Friday,8,False,1.9
2023-08-19,1.0,0.714,52.0,Saturday,8,False,3.6
2023-08-20,0.0,0.679,53.0,Sunday,8,False,0.4
2023-08-21,1.0,0.643,54.0,Monday,8,False,4.4
2023-08-22,3.0,0.786,97.0,Tuesday,8,False,6.1
2023-08-23,1.0,0.679,36.0,Wednesday,8,False,4.7
2023-08-24,5.0,0.75,104.0,Thursday,8,False,4.0
2023-08-25,1.0,0.893,60.0,Friday,8,False,3.1
2023-08-26,2.0,0.929,37.0,Saturday,8,False,2.3
2023-08-27,5.0,1.071,89.0,Sunday,8,False,2.2
2023-08-28,0.0,0.964,47.0,Monday,8,False,1.8
2023-08-29,1.0,0.964,49.0,Tuesday,8,False,1.5
2023-08-30,2.0,0.964,54.0,Wednesday,8,False,2.5
2023-08-31,1.0,0.75,36.0,Thursday,8,False,2.1
2023-09-01,0.0,0.643,47.0,Friday,9,False,1.3
2023-09-02,0.0,0.571,41.0,Saturday,9,False,2.8
2023-09-03,1.0,0.5,64.0,Sunday,9,False,4.5
2023-09-04,0.0,0.464,58.0,Monday,9,False,2.9
2023-09-05,1.0,0.464,45.0,Tuesday,9,False,1.9
2023-09-06,1.0,0.5,56.0,Wednesday,9,False,1.8
2023-09-07,2.0,0.393,59.0,Thursday,9,False,2.2
2023-09-08,3.0,,90.0,Friday,9,False,2.7
2023-09-09,,0.536,85.0,Saturday,9,False,2.7
2023-09-10,2.0,0.536,75.0,Sunday,9,False,0.8
2023-09-11,0.0,0.5,66.0,Monday,9,False,1.4
2023-09-12,4.0,0.714,111.0,Tuesday,9,False,
2023-09-13,2.0,0.786,85.0,Wednesday,9,False,3.8
2023-09-14,2.0,0.821,67.0,Thursday,9,False,4.5
2023-09-15,1.0,0.821,81.0,Friday,9,False,1.6
2023-09-16,1.0,0.821,59.0,Saturday,9,False,3.5
2023-09-17,2.0,0.75,59.0,Sunday,9,False,2.9
2023-09-18,0.0,0.5,50.0,Monday,9,False,1.7
2023-09-19,0.0,0.464,65.0,Tuesday,9,False,1.8
2023-09-20,1.0,0.464,72.0,Wednesday,9,False,3.6
2023-09-21,0.0,0.464,72.0,Thursday,9,False,3.0
2023-09-22,2.0,0.464,72.0,Friday,9,False,2.7
2023-09-23,2.0,0.536,89.0,Saturday,9,False,2.3
2023-09-24,0.0,0.571,80.0,Sunday,9,False,3.5
2023-09-25,2.0,0.607,89.0,Monday,9,False,2.9
2023-09-26,2.0,0.679,73.0,Tuesday,9,False,2.6
2023-09-27,4.0,0.857,119.0,Wednesday,9,False,6.1
2023-09-28,1.0,0.857,58.0,Thursday,9,False,3.8
2023-09-29,1.0,0.857,,Friday,9,False,1.8
2023-09-30,2.0,0.893,95.0,Saturday,9,False,4.6
2023-10-01,2.0,0.857,73.0,Sunday,10,False,3.2
2023-10-02,0.0,0.821,64.0,Monday,10,False,1.0
2023-10-03,2.0,0.786,63.0,Tuesday,10,False,3.5
2023-10-04,0.0,0.714,69.0,Wednesday,10,False,2.4
2023-10-05,0.0,0.607,57.0,Thursday,10,False,1.5
2023-10-06,1.0,0.643,34.0,Friday,10,False,0.9
2023-10-07,0.0,0.571,70.0,Saturday,10,False,3.1
2023-10-08,1.0,0.5,54.0,Sunday,10,False,3.1
2023-10-09,3.0,0.536,81.0,Monday,10,False,2.9
2023-10-10,1.0,0.536,74.0,Tuesday,10,False,4.4
2023-10-11,1.0,0.464,66.0,Wednesday,10,False,5.2
2023-10-12,1.0,0.464,65.0,Thursday,10,False,1.1
2023-10-13,1.0,0.429,68.0,Friday,10,False,5.5
2023-10-14,2.0,0.464,61.0,Saturday,10,False,4.0
2023-10-15,4.0,0.571,96.0,Sunday,10,False,3.8
2023-10-16,3.0,0.714,85.0,Monday,10,False,4.9
2023-10-17,1.0,0.714,44.0,Tuesday,10,False,2.8
2023-10-18,2.0,0.75,77.0,Wednesday,10,False,3.1
2023-10-19,0.0,0.714,42.0,Thursday,10,False,2.5
2023-10-20,1.0,0.714,70.0,Friday,10,False,1.6
2023-10-21,2.0,0.607,,Saturday,10,False,3.2
2023-10-22,2.0,0.571,73.0,Sunday,10,False,4.8
2023-10-23,3.0,0.679,89.0,Monday,10,False,5.9
2023-10-24,2.0,0.75,90.0,Tuesday,10,False,1.7
2023-10-25,1.0,0.75,62.0,Wednesday,10,False,2.6
2023-10-26,4.0,0.786,98.0,Thursday,10,False,4.6
2023-10-27,0.0,0.821,33.0,Friday,10,False,0.4
2023-10-28,,0.786,35.0,Saturday,10,False,0.4
2023-10-29,1.0,0.679,75.0,Sunday,10,False,2.7
2023-10-30,2.0,0.75,68.0,Monday,10,False,4.0
2023-10-31,2.0,0.75,,Tuesday,10,False,3.8
2023-11-01,4.0,,112.0,Wednesday,11,False,2.9
2023-11-02,1.0,0.857,98.0,Thursday,11,False,3.5
2023-11-03,1.0,0.821,93.0,Friday,11,False,3.8
2023-11-04,2.0,0.821,102.0,Saturday,11,False,3.2
2023-11-05,0.0,0.75,66.0,Sunday,11,False,2.8
2023-11-06,1.0,0.643,92.0,Monday,11,False,3.8
2023-11-07,1.0,0.75,86.0,Tuesday,11,False,3.7
2023-11-08,1.0,0.714,72.0,Wednesday,11,False,4.9
2023-11-09,1.0,0.786,97.0,Thursday,11,False,3.9
2023-11-10,0.0,0.786,83.0,Friday,11,False,3.9
2023-11-11,1.0,0.75,100.0,Saturday,11,False,3.0
2023-11-12,0.0,0.714,89.0,Sunday,11,False,2.6
2023-11-13,4.0,0.857,133.0,Monday,11,False,6.4
2023-11-14,1.0,0.857,80.0,Tuesday,11,False,3.8
2023-11-15,3.0,1.071,113.0,Wednesday,11,False,4.0
2023-11-16,3.0,1.107,124.0,Thursday,11,False,6.3
2023-11-17,3.0,1.179,116.0,Friday,11,False,5.9
2023-11-18,1.0,1.179,97.0,Saturday,11,False,2.8
2023-11-19,0.0,0.929,82.0,Sunday,11,False,3.0
2023-11-20,0.0,0.75,72.0,Monday,11,False,0.4
2023-11-21,3.0,0.75,120.0,Tuesday,11,False,3.0
2023-11-22,0.0,0.75,94.0,Wednesday,11,False,3.2
2023-11-23,1.0,0.714,100.0,Thursday,11,False,3.9
2023-11-24,2.0,0.643,99.0,Friday,11,False,2.2
2023-11-25,1.0,0.571,99.0,Saturday,11,False,4.9
2023-11-26,0.0,0.571,80.0,Sunday,11,False,2.8
2023-11-27,3.0,0.571,108.0,Monday,11,False,4.8
2023-11-28,1.0,0.643,106.0,Tuesday,11,False,5.0
2023-11-29,0.0,0.679,82.0,Wednesday,11,False,2.6
2023-11-30,0.0,0.75,75.0,Thursday,11,False,3.3
2023-12-01,3.0,0.714,118.0,Friday,12,False,5.8
2023-12-02,2.0,0.786,118.0,Saturday,12,False,4.4
2023-12-03,0.0,0.714,85.0,Sunday,12,False,2.8
2023-12-04,2.0,0.607,92.0,Monday,12,False,2.2
2023-12-05,2.0,0.786,95.0,Tuesday,12,False,3.8
2023-12-06,3.0,0.893,109.0,Wednesday,12,False,4.5
2023-12-07,2.0,0.929,103.0,Thursday,12,False,4.7
2023-12-08,4.0,1.107,117.0,Friday,12,False,5.1
2023-12-09,6.0,1.25,,Saturday,12,False,7.5
2023-12-10,1.0,1.25,98.0,Sunday,12,False,5.9
2023-12-11,3.0,1.357,133.0,Monday,12,False,3.3
2023-12-12,1.0,1.393,93.0,Tuesday,12,False,
2023-12-13,1.0,1.321,82.0,Wednesday,12,False,3.2
2023-12-14,3.0,1.286,109.0,Thursday,12,False,7.0
2023-12-15,1.0,1.286,85.0,Friday,12,False,2.5
2023-12-16,1.0,1.25,103.0,Saturday,12,False,6.9
2023-12-17,2.0,1.143,85.0,Sunday,12,False,3.9
2023-12-18,1.0,1.107,97.0,Monday,12,False,3.8
2023-12-19,1.0,1.143,71.0,Tuesday,12,False,3.2
2023-12-20,0.0,1.036,92.0,Wednesday,12,False,4.3
2023-12-21,3.0,0.964,121.0,Thursday,12,False,5.2
2023-12-22,2.0,0.964,108.0,Friday,12,False,4.9
2023-12-23,4.0,1.036,128.0,Saturday,12,False,5.5
2023-12-24,2.0,1.036,62.0,Sunday,12,False,3.4
2023-12-25,4.0,1.143,122.0,Monday,12,True,3.5
2023-12-26,1.0,1.071,87.0,Tuesday,12,True,3.5
2023-12-27,0.0,1.071,70.0,Wednesday,12,False,4.4
2023-12-28,0.0,1.0,79.0,Thursday,12,False,3.0
2023-12-29,1.0,1.036,89.0,Friday,12,False,2.1
2023-12-30,1.0,1.071,82.0,Saturday,12,False,4.7
2023-12-31,2.0,1.0,101.0,Sunday,12,False,6.2
2024-01-01,2.0,0.857,99.0,Monday,1,True,4.4
2024-01-02,0.0,0.786,65.0,Tuesday,1,False,4.3
2024-01-03,0.0,0.679,86.0,Wednesday,1,False,5.3
2024-01-04,3.0,0.75,,Thursday,1,False,3.8
2024-01-05,2.0,0.714,104.0,Friday,1,False,1.7
2024-01-06,1.0,0.679,98.0,Saturday,1,False,5.5
2024-01-07,0.0,0.679,112.0,Sunday,1,False,5.3
2024-01-08,2.0,0.679,95.0,Monday,1,False,3.6
2024-01-09,1.0,0.679,87.0,Tuesday,1,False,2.9
2024-01-10,3.0,0.679,71.0,Wednesday,1,False,3.4
2024-01-11,1.0,0.714,62.0,Thursday,1,False,0.5
2024-01-12,0.0,0.75,86.0,Friday,1,False,4.3
2024-01-13,1.0,0.75,74.0,Saturday,1,False,3.4
2024-01-14,2.0,0.857,99.0,Sunday,1,False,1.4
2024-01-15,0.0,0.857,66.0,Monday,1,False,4.0
2024-01-16,3.0,0.821,113.0,Tuesday,1,False,4.6
2024-01-17,2.0,0.893,103.0,Wednesday,1,False,2.9
2024-01-18,3.0,0.893,120.0,Thursday,1,False,5.4
2024-01-19,0.0,0.821,104.0,Friday,1,False,3.9
2024-01-20,3.0,0.893,95.0,Saturday,1,False,3.8
2024-01-21,1.0,1.0,105.0,Sunday,1,False,5.1
2024-01-22,1.0,0.929,,Monday,1,False,4.4
2024-01-23,0.0,0.786,73.0,Tuesday,1,False,4.3
2024-01-24,0.0,0.75,54.0,Wednesday,1,False,1.9
2024-01-25,1.0,0.857,84.0,Thursday,1,False,3.6
2024-01-26,3.0,0.821,116.0,Friday,1,False,5.9
2024-01-27,,0.786,93.0,Saturday,1,False,4.6
2024-01-28,2.0,0.821,108.0,Sunday,1,False,2.8
2024-01-29,1.0,0.75,85.0,Monday,1,False,
2024-01-30,0.0,0.679,82.0,Tuesday,1,False,3.7
2024-01-31,1.0,0.643,89.0,Wednesday,1,False,0.9
2024-02-01,0.0,0.429,,Thursday,2,False,4.1
2024-02-02,1.0,0.429,102.0,Friday,2,False,2.3
2024-02-03,1.0,0.464,62.0,Saturday,2,False,2.2
2024-02-04,2.0,0.429,87.0,Sunday,2,False,5.0
2024-02-05,0.0,0.429,80.0,Monday,2,False,4.2
2024-02-06,1.0,0.464,86.0,Tuesday,2,False,4.2
2024-02-07,0.0,0.393,78.0,Wednesday,2,False,1.6
2024-02-08,1.0,0.429,81.0,Thursday,2,False,2.0
2024-02-09,1.0,0.5,81.0,Friday,2,False,1.9
2024-02-10,4.0,0.607,131.0,Saturday,2,False,4.7
2024-02-11,2.0,,101.0,Sunday,2,False,3.3
2024-02-12,1.0,0.536,87.0,Monday,2,False,3.9
2024-02-13,0.0,0.571,94.0,Tuesday,2,False,3.8
2024-02-14,1.0,0.571,76.0,Wednesday,2,False,2.6
2024-02-15,2.0,0.607,65.0,Thursday,2,False,2.3
2024-02-16,2.0,0.679,102.0,Friday,2,False,4.6
2024-02-17,1.0,0.714,75.0,Saturday,2,False,5.3
2024-02-18,,0.607,,Sunday,2,False,4.5
2024-02-19,0.0,0.607,72.0,Monday,2,False,4.5
2024-02-20,3.0,0.714,112.0,Tuesday,2,False,3.1
2024-02-21,3.0,0.786,119.0,Wednesday,2,False,4.9
2024-02-22,1.0,0.679,85.0,Thursday,2,False,5.0
2024-02-23,2.0,0.75,95.0,Friday,2,False,2.8
2024-02-24,2.0,0.821,109.0,Saturday,2,False,2.9
2024-02-25,1.0,0.857,82.0,Sunday,2,False,4.7
2024-02-26,0.0,0.821,67.0,Monday,2,False,2.6
2024-02-27,3.0,0.857,97.0,Tuesday,2,False,3.7
2024-02-28,0.0,0.857,58.0,Wednesday,2,False,5.8
2024-02-29,1.0,0.893,96.0,Thursday,2,False,3.7
2024-03-01,2.0,0.857,112.0,Friday,3,False,3.2
2024-03-02,0.0,0.75,85.0,Saturday,3,False,3.3
2024-03-03,,0.75,91.0,Sunday,3,False,4.5
2024-03-04,3.0,0.893,112.0,Monday,3,False,5.0
2024-03-05,3.0,1.0,104.0,Tuesday,3,False,3.3
2024-03-06,2.0,0.964,101.0,Wednesday,3,False,4.5
2024-03-07,2.0,,79.0,Thursday,3,False,2.8
2024-03-08,0.0,0.929,83.0,Friday,3,False,4.7
2024-03-09,0.0,0.893,85.0,Saturday,3,False,4.1
2024-03-10,0.0,0.821,,Sunday,3,False,5.0
2024-03-11,4.0,0.929,120.0,Monday,3,False,5.7
2024-03-12,1.0,0.929,92.0,Tuesday,3,False,1.9
2024-03-13,3.0,0.857,114.0,Wednesday,3,False,4.3
2024-03-14,0.0,0.714,93.0,Thursday,3,False,4.5
2024-03-15,2.0,0.786,99.0,Friday,3,False,4.4
2024-03-16,1.0,0.786,63.0,Saturday,3,False,3.1
2024-03-17,2.0,0.893,100.0,Sunday,3,False,4.8
2024-03-18,0.0,0.857,113.0,Monday,3,False,5.8
2024-03-19,3.0,0.929,101.0,Tuesday,3,False,3.6
2024-03-20,2.0,0.857,90.0,Wednesday,3,False,4.4
2024-03-21,1.0,0.893,95.0,Thursday,3,False,2.4
2024-03-22,1.0,0.857,87.0,Friday,3,False,4.6
2024-03-23,3.0,0.929,107.0,Saturday,3,False,5.6
2024-03-24,1.0,0.857,68.0,Sunday,3,False,3.2
2024-03-25,1.0,0.786,109.0,Monday,3,False,4.2
2024-03-26,1.0,0.786,111.0,Tuesday,3,False,2.7
2024-03-27,5.0,0.893,133.0,Wednesday,3,False,6.5
2024-03-28,3.0,1.036,135.0,Thursday,3,False,5.5
2024-03-29,1.0,0.893,100.0,Friday,3,True,5.1
2024-03-30,,0.75,66.0,Saturday,3,False,3.3
2024-03-31,1.0,0.714,80.0,Sunday,3,True,2.9
2024-04-01,2.0,0.714,94.0,Monday,4,True,4.1
2024-04-02,0.0,0.714,45.0,Tuesday,4,False,2.2
2024-04-03,,0.714,60.0,Wednesday,4,False,2.4
2024-04-04,3.0,0.75,76.0,Thursday,4,False,2.9
2024-04-05,,0.786,62.0,Friday,4,False,1.0
2024-04-06,1.0,0.714,83.0,Saturday,4,False,4.0
2024-04-07,2.0,0.75,89.0,Sunday,4,False,5.1
2024-04-08,1.0,0.679,73.0,Monday,4,False,2.3
2024-04-09,2.0,0.75,89.0,Tuesday,4,False,3.1
2024-04-10,1.0,0.714,77.0,Wednesday,4,False,3.2
2024-04-11,2.0,0.75,88.0,Thursday,4,False,4.5
2024-04-12,0.0,0.714,53.0,Friday,4,False,1.6
2024-04-13,1.0,0.643,81.0,Saturday,4,False,2.9
2024-04-14,1.0,0.643,78.0,Sunday,4,False,6.8
2024-04-15,4.0,0.786,88.0,Monday,4,False,4.1
2024-04-16,3.0,0.821,79.0,Tuesday,4,False,2.7
2024-04-17,1.0,0.857,80.0,Wednesday,4,False,4.8
2024-04-18,1.0,0.821,75.0,Thursday,4,False,4.4
2024-04-19,0.0,0.714,57.0,Friday,4,False,2.2
2024-04-20,2.0,0.75,79.0,Saturday,4,False,4.0
2024-04-21,1.0,0.821,54.0,Sunday,4,False,0.7
2024-04-22,1.0,0.679,65.0,Monday,4,False,
2024-04-23,1.0,0.607,55.0,Tuesday,4,False,2.8
2024-04-24,,0.571,62.0,Wednesday,4,False,4.3
2024-04-25,4.0,0.607,106.0,Thursday,4,False,4.5
2024-04-26,2.0,0.679,54.0,Friday,4,False,1.4
2024-04-27,1.0,0.714,88.0,Saturday,4,True,1.5
2024-04-28,2.0,0.75,91.0,Sunday,4,False,3.7
2024-04-29,1.0,0.786,75.0,Monday,4,False,3.9
2024-04-30,0.0,0.679,38.0,Tuesday,4,False,3.5
2024-05-01,2.0,0.571,98.0,Wednesday,5,False,4.7
2024-05-02,,0.607,67.0,Thursday,5,False,0.6
2024-05-03,0.0,0.536,56.0,Friday,5,False,2.0
2024-05-04,2.0,0.643,77.0,Saturday,5,False,4.0
2024-05-05,1.0,0.536,74.0,Sunday,5,False,4.1
2024-05-06,1.0,0.643,66.0,Monday,5,False,2.3
2024-05-07,1.0,0.714,72.0,Tuesday,5,False,1.9
2024-05-08,2.0,0.714,,Wednesday,5,False,2.9
2024-05-09,0.0,0.571,53.0,Thursday,5,True,2.3
2024-05-10,2.0,0.643,81.0,Friday,5,False,
2024-05-11,2.0,0.643,80.0,Saturday,5,False,4.1
2024-05-12,2.0,0.714,,Sunday,5,False,4.0
2024-05-13,2.0,0.75,74.0,Monday,5,False,4.3
2024-05-14,2.0,0.857,66.0,Tuesday,5,False,1.8
2024-05-15,5.0,0.964,116.0,Wednesday,5,False,6.0
2024-05-16,2.0,0.929,83.0,Thursday,5,False,4.9
2024-05-17,1.0,1.0,61.0,Friday,5,False,2.9
2024-05-18,1.0,0.929,72.0,Saturday,5,False,4.3
2024-05-19,1.0,0.821,63.0,Sunday,5,True,2.9
2024-05-20,2.0,0.75,77.0,Monday,5,True,4.5
2024-05-21,4.0,0.821,91.0,Tuesday,5,False,3.6
2024-05-22,2.0,0.821,82.0,Wednesday,5,False,3.7
2024-05-23,1.0,0.786,57.0,Thursday,5,False,2.8
2024-05-24,2.0,0.821,79.0,Friday,5,False,2.2
2024-05-25,0.0,0.821,58.0,Saturday,5,False,3.6
2024-05-26,2.0,0.857,82.0,Sunday,5,False,3.5
2024-05-27,0.0,0.75,62.0,Monday,5,False,0.4
2024-05-28,2.0,0.714,79.0,Tuesday,5,False,3.6
2024-05-29,1.0,0.75,76.0,Wednesday,5,False,5.1
2024-05-30,1.0,0.821,67.0,Thursday,5,False,2.9
2024-05-31,,0.75,58.0,Friday,5,False,4.7
2024-06-01,1.0,0.821,56.0,Saturday,6,False,2.2
2024-06-02,,0.786,95.0,Sunday,6,False,5.6
2024-06-03,2.0,0.786,91.0,Monday,6,False,5.6
2024-06-04,0.0,0.714,43.0,Tuesday,6,False,0.4
2024-06-05,,0.643,57.0,Wednesday,6,False,4.3
2024-06-06,1.0,0.679,49.0,Thursday,6,False,2.4
2024-06-07,2.0,0.75,57.0,Friday,6,False,1.5
2024-06-08,0.0,0.679,40.0,Saturday,6,False,0.9
2024-06-09,2.0,0.75,64.0,Sunday,6,False,3.7
2024-06-10,1.0,0.679,,Monday,6,False,1.2
2024-06-11,1.0,0.714,45.0,Tuesday,6,False,2.9
2024-06-12,3.0,0.786,73.0,Wednesday,6,False,3.0
2024-06-13,4.0,0.964,67.0,Thursday,6,False,1.3
2024-06-14,2.0,0.964,68.0,Friday,6,False,3.7
2024-06-15,0.0,0.75,55.0,Saturday,6,False,3.6
2024-06-16,0.0,0.714,36.0,Sunday,6,False,3.2
2024-06-17,0.0,0.607,33.0,Monday,6,False,2.8
2024-06-18,0.0,0.607,28.0,Tuesday,6,False,1.1
2024-06-19,1.0,0.5,64.0,Wednesday,6,False,3.4
2024-06-20,1.0,0.5,52.0,Thursday,6,False,2.7
2024-06-21,1.0,0.643,34.0,Friday,6,False,3.4
2024-06-22,3.0,0.607,80.0,Saturday,6,False,1.2
2024-06-23,2.0,0.607,77.0,Sunday,6,False,1.3
2024-06-24,3.0,0.714,83.0,Monday,6,False,1.4
2024-06-25,3.0,0.857,79.0,Tuesday,6,False,2.8
2024-06-26,0.0,0.786,34.0,Wednesday,6,False,1.4
2024-06-27,2.0,0.75,56.0,Thursday,6,False,1.8
2024-06-28,2.0,0.821,50.0,Friday,6,False,3.3
2024-06-29,1.0,0.714,40.0,Saturday,6,False,2.3
2024-06-30,2.0,0.679,59.0,Sunday,6,False,3.4
2024-07-01,2.0,0.786,,Monday,7,False,3.5
2024-07-02,1.0,0.714,53.0,Tuesday,7,False,0.7
2024-07-03,0.0,0.714,53.0,Wednesday,7,False,0.8
2024-07-04,0.0,0.75,28.0,Thursday,7,False,1.6
2024-07-05,1.0,0.75,42.0,Friday,7,False,2.7
2024-07-06,,0.571,55.0,Saturday,7,False,3.0
2024-07-07,1.0,0.607,40.0,Sunday,7,False,0.4
2024-07-08,3.0,0.571,91.0,Monday,7,False,4.4
2024-07-09,0.0,0.607,46.0,Tuesday,7,False,3.2
2024-07-10,1.0,0.607,52.0,Wednesday,7,False,0.4
2024-07-11,3.0,0.679,55.0,Thursday,7,False,3.2
2024-07-12,0.0,0.643,58.0,Friday,7,False,1.6
2024-07-13,0.0,0.643,37.0,Saturday,7,False,3.5
2024-07-14,1.0,0.607,35.0,Sunday,7,False,1.0
2024-07-15,2.0,0.607,86.0,Monday,7,False,2.0
2024-07-16,2.0,0.607,74.0,Tuesday,7,False,2.4
2024-07-17,3.0,0.714,86.0,Wednesday,7,False,3.3
2024-07-18,0.0,0.643,44.0,Thursday,7,False,3.4
2024-07-19,1.0,0.679,47.0,Friday,7,False,2.8
2024-07-20,2.0,0.679,77.0,Saturday,7,False,
2024-07-21,,0.607,47.0,Sunday,7,False,1.8
2024-07-22,2.0,0.571,53.0,Monday,7,False,3.6
2024-07-23,1.0,0.679,55.0,Tuesday,7,False,0.4
2024-07-24,0.0,0.679,34.0,Wednesday,7,False,0.4
2024-07-25,1.0,0.714,57.0,Thursday,7,False,1.8
2024-07-26,1.0,0.679,54.0,Friday,7,False,3.9
2024-07-27,1.0,0.643,66.0,Saturday,7,False,3.4
2024-07-28,2.0,0.643,73.0,Sunday,7,False,2.9
2024-07-29,1.0,0.679,41.0,Monday,7,False,2.0
2024-07-30,1.0,0.679,38.0,Tuesday,7,False,2.6
2024-07-31,3.0,0.786,83.0,Wednesday,7,False,
2024-08-01,4.0,0.893,82.0,Thursday,8,False,2.6
2024-08-02,1.0,0.786,51.0,Friday,8,False,1.5
2024-08-03,2.0,0.857,80.0,Saturday,8,False,1.6
2024-08-04,2.0,0.857,69.0,Sunday,8,False,4.6
2024-08-05,1.0,0.893,65.0,Monday,8,False,2.4
2024-08-06,2.0,,62.0,Tuesday,8,False,0.9
2024-08-07,0.0,0.643,54.0,Wednesday,8,False,4.1
2024-08-08,0.0,0.607,40.0,Thursday,8,False,3.3
2024-08-09,1.0,0.5,64.0,Friday,8,False,3.0
2024-08-10,1.0,0.464,49.0,Saturday,8,False,4.0
2024-08-11,0.0,0.429,28.0,Sunday,8,False,0.5
2024-08-12,1.0,0.464,46.0,Monday,8,False,2.9
2024-08-13,1.0,0.357,75.0,Tuesday,8,False,3.9
2024-08-14,2.0,0.464,68.0,Wednesday,8,False,2.7
2024-08-15,4.0,0.571,73.0,Thursday,8,False,3.1
2024-08-16,2.0,0.643,59.0,Friday,8,False,2.2
2024-08-17,3.0,0.75,74.0,Saturday,8,False,3.4
2024-08-18,0.0,0.679,54.0,Sunday,8,False,2.9
2024-08-19,1.0,0.643,64.0,Monday,8,False,2.3
2024-08-20,1.0,0.679,52.0,Tuesday,8,False,
2024-08-21,2.0,0.714,57.0,Wednesday,8,False,1.9
2024-08-22,2.0,0.75,67.0,Thursday,8,False,2.3
2024-08-23,1.0,0.679,33.0,Friday,8,False,2.0
2024-08-24,0.0,0.643,35.0,Saturday,8,False,4.2
2024-08-25,1.0,0.5,78.0,Sunday,8,False,3.5
2024-08-26,1.0,0.464,55.0,Monday,8,False,4.0
2024-08-27,2.0,0.571,36.0,Tuesday,8,False,2.3
2024-08-28,0.0,0.5,44.0,Wednesday,8,False,3.1
2024-08-29,1.0,0.571,44.0,Thursday,8,False,2.2
2024-08-30,1.0,0.714,57.0,Friday,8,False,1.8
2024-08-31,3.0,0.786,92.0,Saturday,8,False,4.8
2024-09-01,0.0,0.75,57.0,Sunday,9,False,5.3
2024-09-02,0.0,0.643,,Monday,9,False,1.5
2024-09-03,2.0,0.643,100.0,Tuesday,9,False,5.0
2024-09-04,0.0,0.607,38.0,Wednesday,9,False,1.5
2024-09-05,1.0,0.571,65.0,Thursday,9,False,2.8
2024-09-06,4.0,0.679,,Friday,9,False,3.6
2024-09-07,0.0,0.643,65.0,Saturday,9,False,3.0
2024-09-08,0.0,0.643,28.0,Sunday,9,False,3.1
2024-09-09,2.0,0.714,74.0,Monday,9,False,4.9
2024-09-10,2.0,0.786,79.0,Tuesday,9,False,3.9
2024-09-11,1.0,0.75,50.0,Wednesday,9,False,4.3
2024-09-12,4.0,0.893,79.0,Thursday,9,False,3.4
2024-09-13,3.0,0.964,85.0,Friday,9,False,5.3
2024-09-14,0.0,0.893,66.0,Saturday,9,False,2.3
2024-09-15,3.0,1.071,86.0,Sunday,9,False,4.1
2024-09-16,0.0,1.071,69.0,Monday,9,False,3.8
2024-09-17,1.0,0.929,76.0,Tuesday,9,False,2.3
2024-09-18,2.0,0.929,84.0,Wednesday,9,False,3.7
2024-09-19,0.0,0.75,61.0,Thursday,9,False,2.4
2024-09-20,4.0,0.786,79.0,Friday,9,False,1.9
2024-09-21,0.0,0.714,53.0,Saturday,9,False,4.2
2024-09-22,2.0,0.75,68.0,Sunday,9,False,3.3
2024-09-23,3.0,0.786,92.0,Monday,9,False,5.1
2024-09-24,3.0,0.893,80.0,Tuesday,9,False,5.6
2024-09-25,0.0,0.714,69.0,Wednesday,9,False,2.5
2024-09-26,4.0,0.857,105.0,Thursday,9,False,4.5
2024-09-27,3.0,0.893,70.0,Friday,9,False,2.5
2024-09-28,1.0,0.893,74.0,Saturday,9,False,3.5
2024-09-29,,0.893,70.0,Sunday,9,False,3.1
2024-09-30,0.0,0.964,48.0,Monday,9,False,1.3
2024-10-01,0.0,0.857,48.0,Tuesday,10,False,3.9
2024-10-02,1.0,0.643,77.0,Wednesday,10,False,3.5
2024-10-03,0.0,0.607,56.0,Thursday,10,False,4.3
2024-10-04,1.0,0.679,71.0,Friday,10,False,5.0
2024-10-05,2.0,0.571,71.0,Saturday,10,False,3.7
2024-10-06,1.0,0.536,59.0,Sunday,10,False,2.9
2024-10-07,1.0,0.571,72.0,Monday,10,False,1.8
2024-10-08,0.0,0.536,48.0,Tuesday,10,False,2.9
2024-10-09,1.0,0.5,59.0,Wednesday,10,False,2.9
2024-10-10,2.0,0.464,59.0,Thursday,10,False,2.3
2024-10-11,0.0,0.464,62.0,Friday,10,False,4.5
2024-10-12,1.0,0.5,54.0,Saturday,10,False,0.6
2024-10-13,4.0,0.643,113.0,Sunday,10,False,3.1
2024-10-14,4.0,0.75,97.0,Monday,10,False,4.7
2024-10-15,1.0,0.786,56.0,Tuesday,10,False,0.8
2024-10-16,2.0,0.821,62.0,Wednesday,10,False,2.1
2024-10-17,3.0,0.893,90.0,Thursday,10,False,4.9
2024-10-18,3.0,0.857,94.0,Friday,10,False,3.9
2024-10-19,2.0,0.857,80.0,Saturday,10,False,3.2
2024-10-20,2.0,0.821,81.0,Sunday,10,False,3.1
2024-10-21,1.0,0.786,76.0,Monday,10,False,2.2
2024-10-22,2.0,0.786,89.0,Tuesday,10,False,4.4
2024-10-23,2.0,,85.0,Wednesday,10,False,5.2
2024-10-24,1.0,0.821,92.0,Thursday,10,False,3.3
2024-10-25,2.0,0.964,79.0,Friday,10,False,2.9
2024-10-26,0.0,0.857,49.0,Saturday,10,False,
2024-10-27,3.0,1.0,102.0,Sunday,10,False,3.5
2024-10-28,1.0,1.036,68.0,Monday,10,False,3.4
2024-10-29,0.0,0.893,55.0,Tuesday,10,False,0.4
2024-10-30,4.0,1.0,118.0,Wednesday,10,False,3.9
2024-10-31,1.0,0.857,66.0,Thursday,10,False,2.1
2024-11-01,1.0,0.857,92.0,Friday,11,False,6.0
2024-11-02,0.0,0.679,67.0,Saturday,11,False,5.3
2024-11-03,4.0,0.679,119.0,Sunday,11,False,5.9
2024-11-04,2.0,0.679,104.0,Monday,11,False,3.4
2024-11-05,1.0,0.75,93.0,Tuesday,11,False,2.2
2024-11-06,1.0,0.821,82.0,Wednesday,11,False,1.3
2024-11-07,2.0,0.786,103.0,Thursday,11,False,4.4
2024-11-08,1.0,0.75,130.0,Friday,11,False,5.6
2024-11-09,0.0,0.679,71.0,Saturday,11,False,4.7
2024-11-10,1.0,0.643,90.0,Sunday,11,False,3.6
2024-11-11,0.0,0.536,68.0,Monday,11,False,2.8
2024-11-12,2.0,0.536,99.0,Tuesday,11,False,4.5
2024-11-13,1.0,,99.0,Wednesday,11,False,4.4
2024-11-14,1.0,0.571,82.0,Thursday,11,False,3.6
2024-11-15,0.0,0.5,93.0,Friday,11,False,4.0
2024-11-16,2.0,0.536,107.0,Saturday,11,False,3.6
2024-11-17,1.0,0.607,80.0,Sunday,11,False,2.3
2024-11-18,4.0,0.679,131.0,Monday,11,False,
2024-11-19,4.0,0.821,133.0,Tuesday,11,False,5.5
2024-11-20,2.0,0.893,96.0,Wednesday,11,False,4.5
2024-11-21,4.0,1.071,119.0,Thursday,11,False,1.9
2024-11-22,3.0,1.107,104.0,Friday,11,False,7.0
2024-11-23,1.0,1.107,93.0,Saturday,11,False,3.3
2024-11-24,3.0,1.071,98.0,Sunday,11,False,2.7
2024-11-25,1.0,1.071,81.0,Monday,11,False,3.5
2024-11-26,0.0,0.964,84.0,Tuesday,11,False,2.5
2024-11-27,2.0,0.857,95.0,Wednesday,11,False,3.2
2024-11-28,0.0,0.857,75.0,Thursday,11,False,3.3
2024-11-29,3.0,0.821,99.0,Friday,11,False,4.6
2024-11-30,1.0,0.893,83.0,Saturday,11,False,3.2
2024-12-01,0.0,0.821,73.0,Sunday,12,False,5.2
2024-12-02,2.0,0.857,77.0,Monday,12,False,2.9
2024-12-03,3.0,0.893,104.0,Tuesday,12,False,4.6
2024-12-04,3.0,0.893,95.0,Wednesday,12,False,2.9
2024-12-05,2.0,0.964,102.0,Thursday,12,False,4.8
2024-12-06,4.0,0.964,129.0,Friday,12,False,4.6
2024-12-07,2.0,1.0,101.0,Saturday,12,False,5.0
2024-12-08,0.0,1.036,75.0,Sunday,12,False,4.6
2024-12-09,5.0,1.107,145.0,Monday,12,False,6.5
2024-12-10,0.0,0.964,79.0,Tuesday,12,False,5.4
2024-12-11,0.0,0.929,71.0,Wednesday,12,False,3.8
2024-12-12,0.0,0.893,75.0,Thursday,12,False,2.3
2024-12-13,0.0,0.786,51.0,Friday,12,False,2.3
2024-12-14,1.0,0.786,81.0,Saturday,12,False,3.6
2024-12-15,0.0,0.571,64.0,Sunday,12,False,4.6
